-- phpMyAdmin SQL Dump
-- version 4.8.3
-- https://www.phpmyadmin.net/
--
-- Host: 127.0.0.1
-- Generation Time: Oct 17, 2018 at 12:40 PM
-- Server version: 10.1.35-MariaDB
-- PHP Version: 7.2.9

SET FOREIGN_KEY_CHECKS=0;
SET SQL_MODE = "NO_AUTO_VALUE_ON_ZERO";
SET AUTOCOMMIT = 0;
START TRANSACTION;
SET time_zone = "+00:00";


/*!40101 SET @OLD_CHARACTER_SET_CLIENT=@@CHARACTER_SET_CLIENT */;
/*!40101 SET @OLD_CHARACTER_SET_RESULTS=@@CHARACTER_SET_RESULTS */;
/*!40101 SET @OLD_COLLATION_CONNECTION=@@COLLATION_CONNECTION */;
/*!40101 SET NAMES utf8mb4 */;

--
-- Database: `ifb299`
--
CREATE DATABASE IF NOT EXISTS `ifb299` DEFAULT CHARACTER SET latin1 COLLATE latin1_swedish_ci;
USE `ifb299`;

-- --------------------------------------------------------

--
-- Table structure for table `auth_group`
--

DROP TABLE IF EXISTS `auth_group`;
CREATE TABLE `auth_group` (
  `id` int(11) NOT NULL,
  `name` varchar(80) NOT NULL
) ENGINE=InnoDB DEFAULT CHARSET=latin1;

-- --------------------------------------------------------

--
-- Table structure for table `auth_group_permissions`
--

DROP TABLE IF EXISTS `auth_group_permissions`;
CREATE TABLE `auth_group_permissions` (
  `id` int(11) NOT NULL,
  `group_id` int(11) NOT NULL,
  `permission_id` int(11) NOT NULL
) ENGINE=InnoDB DEFAULT CHARSET=latin1;

-- --------------------------------------------------------

--
-- Table structure for table `auth_permission`
--

DROP TABLE IF EXISTS `auth_permission`;
CREATE TABLE `auth_permission` (
  `id` int(11) NOT NULL,
  `name` varchar(255) NOT NULL,
  `content_type_id` int(11) NOT NULL,
  `codename` varchar(100) NOT NULL
) ENGINE=InnoDB DEFAULT CHARSET=latin1;

--
-- Dumping data for table `auth_permission`
--

INSERT INTO `auth_permission` (`id`, `name`, `content_type_id`, `codename`) VALUES
(1, 'Can add log entry', 1, 'add_logentry'),
(2, 'Can change log entry', 1, 'change_logentry'),
(3, 'Can delete log entry', 1, 'delete_logentry'),
(4, 'Can view log entry', 1, 'view_logentry'),
(5, 'Can add permission', 2, 'add_permission'),
(6, 'Can change permission', 2, 'change_permission'),
(7, 'Can delete permission', 2, 'delete_permission'),
(8, 'Can view permission', 2, 'view_permission'),
(9, 'Can add group', 3, 'add_group'),
(10, 'Can change group', 3, 'change_group'),
(11, 'Can delete group', 3, 'delete_group'),
(12, 'Can view group', 3, 'view_group'),
(13, 'Can add user', 4, 'add_user'),
(14, 'Can change user', 4, 'change_user'),
(15, 'Can delete user', 4, 'delete_user'),
(16, 'Can view user', 4, 'view_user'),
(17, 'Can add content type', 5, 'add_contenttype'),
(18, 'Can change content type', 5, 'change_contenttype'),
(19, 'Can delete content type', 5, 'delete_contenttype'),
(20, 'Can view content type', 5, 'view_contenttype'),
(21, 'Can add session', 6, 'add_session'),
(22, 'Can change session', 6, 'change_session'),
(23, 'Can delete session', 6, 'delete_session'),
(24, 'Can view session', 6, 'view_session'),
(25, 'Can add order', 7, 'add_order'),
(26, 'Can change order', 7, 'change_order'),
(27, 'Can delete order', 7, 'delete_order'),
(28, 'Can view order', 7, 'view_order'),
(29, 'Can add car', 8, 'add_car'),
(30, 'Can change car', 8, 'change_car'),
(31, 'Can delete car', 8, 'delete_car'),
(32, 'Can view car', 8, 'view_car'),
(33, 'Can add customer', 9, 'add_customer'),
(34, 'Can change customer', 9, 'change_customer'),
(35, 'Can delete customer', 9, 'delete_customer'),
(36, 'Can view customer', 9, 'view_customer'),
(37, 'Can add store', 10, 'add_store'),
(38, 'Can change store', 10, 'change_store'),
(39, 'Can delete store', 10, 'delete_store'),
(40, 'Can view store', 10, 'view_store');

-- --------------------------------------------------------

--
-- Table structure for table `auth_user`
--

DROP TABLE IF EXISTS `auth_user`;
CREATE TABLE `auth_user` (
  `id` int(11) NOT NULL,
  `password` varchar(128) NOT NULL,
  `last_login` datetime(6) DEFAULT NULL,
  `is_superuser` tinyint(1) NOT NULL,
  `username` varchar(150) NOT NULL,
  `first_name` varchar(30) NOT NULL,
  `last_name` varchar(150) NOT NULL,
  `email` varchar(254) NOT NULL,
  `is_staff` tinyint(1) NOT NULL,
  `is_active` tinyint(1) NOT NULL,
  `date_joined` datetime(6) NOT NULL
) ENGINE=InnoDB DEFAULT CHARSET=latin1;

--
-- Dumping data for table `auth_user`
--

INSERT INTO `auth_user` (`id`, `password`, `last_login`, `is_superuser`, `username`, `first_name`, `last_name`, `email`, `is_staff`, `is_active`, `date_joined`) VALUES
(1, 'pbkdf2_sha256$120000$M9rBvO8Bgv65$fUvt4kGrW0S1AgOps1V5161J9xKvh3c5YPomIs9nDmc=', '2018-10-17 06:26:52.011658', 1, 'admin', '', '', 'admin@admin.com', 1, 1, '2018-09-11 23:58:22.564463');

-- --------------------------------------------------------

--
-- Table structure for table `auth_user_groups`
--

DROP TABLE IF EXISTS `auth_user_groups`;
CREATE TABLE `auth_user_groups` (
  `id` int(11) NOT NULL,
  `user_id` int(11) NOT NULL,
  `group_id` int(11) NOT NULL
) ENGINE=InnoDB DEFAULT CHARSET=latin1;

-- --------------------------------------------------------

--
-- Table structure for table `auth_user_user_permissions`
--

DROP TABLE IF EXISTS `auth_user_user_permissions`;
CREATE TABLE `auth_user_user_permissions` (
  `id` int(11) NOT NULL,
  `user_id` int(11) NOT NULL,
  `permission_id` int(11) NOT NULL
) ENGINE=InnoDB DEFAULT CHARSET=latin1;

-- --------------------------------------------------------

--
-- Table structure for table `basesite_car`
--

DROP TABLE IF EXISTS `basesite_car`;
CREATE TABLE `basesite_car` (
  `id` int(11) NOT NULL,
  `name` varchar(50) NOT NULL,
  `model` varchar(50) NOT NULL,
  `series` varchar(50) NOT NULL,
  `year` int(11) NOT NULL,
  `purchase_price` int(11) NOT NULL,
  `engine_size` decimal(3,1) NOT NULL,
  `fuel_system` varchar(50) NOT NULL,
  `tank_capacity` int(11) NOT NULL,
  `power` int(11) NOT NULL,
  `seating_capacity` int(11) NOT NULL,
  `transmission` varchar(10) NOT NULL,
  `body_type` varchar(30) NOT NULL,
  `drive` varchar(3) NOT NULL,
  `wheelbase` int(11) NOT NULL
) ENGINE=InnoDB DEFAULT CHARSET=latin1;

--
-- Dumping data for table `basesite_car`
--

INSERT INTO `basesite_car` (`id`, `name`, `model`, `series`, `year`, `purchase_price`, `engine_size`, `fuel_system`, `tank_capacity`, `power`, `seating_capacity`, `transmission`, `body_type`, `drive`, `wheelbase`) VALUES
(14806, 'LAND ROVER', 'DISCOVERY 3', 'HSE', 2006, 83650, '2.7', 'DIESEL TURBO F/INJ', 82, 140, 7, '6A', '4D WAGON', '4WD', 2885),
(14810, 'LAND ROVER', 'DISCOVERY', 'Tdi 4x4', 1996, 51800, '2.5', 'DIESEL TURBO', 89, 83, 5, '4A4x4', '4D WAGON', '4WD', 2540),
(14811, 'LAND ROVER', 'FREELANDER', 'XEi 4x4', 2000, 34886, '1.8', 'MULTI POINT F/INJ', 59, 84, 5, '5M4x4', '3D HARDBACK', '4WD', 2535),
(14812, 'LAND ROVER', 'DISCOVERY', 'ES V8 4x4', 1999, 66000, '4.0', 'MULTI POINT F/INJ', 95, 132, 7, '4A', '4D WAGON', '4WD', 2540),
(14814, 'LAND ROVER', 'DISCOVERY', 'SERIES II SE 4x4', 2004, 71450, '4.0', 'MULTI POINT F/INJ', 93, 136, 7, '4A', '4D WAGON', '4WD', 2540),
(14815, 'LAND ROVER', '(4x4)', 'SWB', 1978, 9045, '2.3', 'DIESEL', 45, 46, 8, '4M4x4', '2D HARDTOP', '4WD', 2230),
(14816, 'LAND ROVER', 'DISCOVERY', 'SERIES II S 4x4', 2003, 55450, '4.0', 'MULTI POINT F/INJ', 93, 136, 7, '4A', '4D WAGON', '4WD', 2540),
(14818, 'LAND ROVER', 'DISCOVERY', 'S 4x4', 1998, 39990, '2.5', 'DIESEL TURBO', 89, 83, 5, '5M4x4', '4D WAGON', '4WD', 2540),
(14819, 'LAND ROVER', '(4x4)', 'LWB', 1972, 5203, '2.3', 'DIESEL', 73, 46, 12, '4M4x4', '2D HARDTOP', '4WD', 2768),
(14831, 'BMW', 'X5', 'E53 3.0d', 2004, 84500, '3.0', 'TURBO CDI', 93, 150, 5, '6A', '4D WAGON', '4WD', 2820),
(14832, 'BMW', '3', 'E46 18i EXECUTIVE', 2002, 56550, '2.0', 'MULTI POINT F/INJ', 63, 105, 5, '5AS', '4D SEDAN', 'RWD', 2725),
(14833, 'BMW', '3', '23i', 1996, 62550, '2.5', 'MULTI POINT F/INJ', 62, 125, 5, '5M', '4D SEDAN', 'RWD', 2700),
(14834, 'BMW', '3', 'E46 30Ci', 2001, 109050, '3.0', 'MULTI POINT F/INJ', 63, 170, 5, '5AS', '2D CONVERTIBLE', 'RWD', 2725),
(14835, 'BMW', '7', '35i EXECUTIVE', 1987, 136500, '3.4', 'ELECTRONIC F/INJ', 90, 155, 5, '4A', '4D SEDAN', 'RWD', 2833),
(14836, 'BMW', '5', 'E60 25i', 2005, 89000, '2.5', 'MULTI POINT F/INJ', 70, 141, 5, '6AS', '4D SEDAN', 'RWD', 2888),
(14837, 'BMW', '3', 'E91 23i TOURING', 2006, 71500, '2.5', 'MULTI POINT F/INJ', 60, 130, 5, '6AS', '4D WAGON', 'RWD', 2760),
(14838, 'BMW', '5', 'E34 25i EXECUTIVE', 1996, 98200, '2.5', 'ELECTRONIC F/INJ', 80, 141, 5, '5A', '4D SEDAN', 'RWD', 2761),
(14839, 'BMW', '3', 'E36 16i OPEN AIR', 1995, 46200, '1.6', 'MULTI POINT F/INJ', 52, 75, 5, '5M', '3D HATCHBACK', 'RWD', 2700),
(14842, 'BMW', '3', 'E90 20i EXECUTIVE', 2005, 57200, '2.0', 'MULTI POINT F/INJ', 65, 110, 5, '6AS', '4D SEDAN', 'RWD', 2760),
(14843, 'BMW', '3', 'E46 30i', 2001, 90700, '3.0', 'MULTI POINT F/INJ', 63, 170, 5, '5AS', '4D SEDAN', 'RWD', 2725),
(14846, 'BMW', 'X5', 'E53 3.0i', 2004, 84000, '3.0', 'MULTI POINT F/INJ', 93, 170, 5, '5AS', '4D WAGON', '4WD', 2820),
(14847, 'BMW', '3', '18is', 1998, 56600, '1.9', 'MULTI POINT F/INJ', 65, 103, 5, '4A', '4D SEDAN', 'RWD', 2700),
(14850, 'BMW', '7', '35i', 1984, 59500, '3.2', 'ELECTRONIC F/INJ', 100, 145, 5, '4A', '4D SEDAN', 'RWD', 2795),
(14851, 'BMW', '3', 'E46 20i SPORT', 2005, 65300, '2.2', 'MULTI POINT F/INJ', 63, 125, 5, '5AS', '4D SEDAN', 'RWD', 2725),
(14852, 'BMW', '3', 'E46 16ti', 2002, 43869, '1.8', 'MULTI POINT F/INJ', 63, 85, 5, '5AS', '3D HATCHBACK', 'RWD', 2725),
(14853, 'BMW', '1', 'E87 20i', 2005, 44100, '2.0', 'MULTI POINT F/INJ', 50, 110, 5, '6A', '5D HATCHBACK', 'RWD', 2660),
(14854, 'BMW', '3', '20i', 1989, 54700, '2.0', 'ELECTRONIC F/INJ', 65, 95, 5, '5M', '4D SEDAN', 'RWD', 2570),
(14855, 'BMW', '3', 'E46 20Ci', 2001, 67050, '2.2', 'MULTI POINT F/INJ', 63, 125, 5, '5AS', '2D COUPE', 'RWD', 2725),
(14856, 'BMW', '3', '25i', 1988, 74500, '2.5', 'ELECTRONIC F/INJ', 55, 125, 5, '4A', '4D SEDAN', 'RWD', 2570),
(14857, 'BMW', '3', 'E46 18i SPORT', 2005, 54500, '2.0', 'MULTI POINT F/INJ', 63, 105, 5, '5M', '4D SEDAN', 'RWD', 2725),
(14858, 'BMW', '3', 'E36 28i', 1996, 83330, '2.8', 'MULTI POINT F/INJ', 65, 142, 5, '5A', '4D SEDAN', 'RWD', 2700),
(14859, 'BMW', '5', '28i', 1997, 96500, '2.8', 'MULTI POINT F/INJ', 70, 142, 5, '5AS', '4D SEDAN', 'RWD', 2830),
(14860, 'BMW', '3', '18i', 1997, 51320, '1.8', 'ELECTRONIC F/INJ', 65, 85, 5, '4A', '4D SEDAN', 'RWD', 2700),
(14861, 'BMW', '3', '18is', 1997, 55100, '1.9', 'MULTI POINT F/INJ', 65, 103, 5, '5M', '4D SEDAN', 'RWD', 2700),
(14863, 'BMW', 'X5', 'E53 3.0i', 2001, 82350, '3.0', 'MULTI POINT F/INJ', 93, 170, 5, '5AS', '4D WAGON', '4WD', 2820),
(14864, 'BMW', '1', 'E87 20d', 2006, 47800, '2.0', 'DIESEL TURBO F/INJ', 51, 115, 5, '6A', '5D HATCHBACK', 'RWD', 2660),
(14865, 'BMW', '3', 'E46 18i EXECUTIVE', 2000, 52070, '1.9', 'MULTI POINT F/INJ', 63, 87, 5, '5M', '4D SEDAN', 'RWD', 2725),
(14866, 'BMW', 'X5', 'E53 3.0i', 2006, 84000, '3.0', 'MULTI POINT F/INJ', 93, 170, 5, '5AS', '4D WAGON', '4WD', 2820),
(14867, 'BMW', '3', '18i', 1995, 49650, '1.8', 'ELECTRONIC F/INJ', 65, 85, 5, '5M', '4D SEDAN', 'RWD', 2700),
(14870, 'BMW', '3', '23Ci', 1999, 73900, '2.5', 'MULTI POINT F/INJ', 63, 125, 5, '5M', '2D COUPE', 'RWD', 2725),
(14871, 'BMW', 'X5', 'E53 MY06 UPGRADE 3.0d', 2006, 86800, '3.0', 'TURBO CDI', 93, 150, 5, '6A', '4D WAGON', '4WD', 2820),
(14872, 'BMW', '3', 'E46 18i', 1999, 54370, '1.9', 'MULTI POINT F/INJ', 63, 87, 5, '5M', '4D SEDAN', 'RWD', 2725),
(14873, 'BMW', '3', '18is', 1996, 57110, '1.8', 'ELECTRONIC F/INJ', 65, 103, 5, '4A', '2D COUPE', 'RWD', 2700),
(14874, 'BMW', '3', 'E46 16ti', 2004, 41750, '1.8', 'MULTI POINT F/INJ', 63, 85, 5, '5M', '3D HATCHBACK', 'RWD', 2725),
(14875, 'BMW', '3', '18i', 1989, 36950, '1.8', 'ELECTRONIC F/INJ', 55, 83, 5, '5M', '2D SEDAN', 'RWD', 2570),
(14876, 'BMW', '3', '18i', 1994, 46500, '1.8', 'ELECTRONIC F/INJ', 65, 85, 5, '5M', '4D SEDAN', 'RWD', 2700),
(14877, 'BMW', '3', 'E90 20i', 2006, 53400, '2.0', 'MULTI POINT F/INJ', 65, 110, 5, '6AS', '4D SEDAN', 'RWD', 2760),
(14878, 'BMW', '5', 'E39 23i', 1996, 83600, '2.5', 'MULTI POINT F/INJ', 70, 125, 5, '5AS', '4D SEDAN', 'RWD', 2830),
(14879, 'BMW', '5', 'E39 30i SPORT', 2002, 101400, '3.0', 'MULTI POINT F/INJ', 70, 170, 5, '5AS', '4D SEDAN', 'RWD', 2830),
(14880, 'BMW', '5', '20i', 1991, 69100, '2.0', 'ELECTRONIC F/INJ', 80, 110, 5, '5A', '4D SEDAN', 'RWD', 2761),
(14881, 'BMW', '3', '18i', 1991, 44300, '1.8', 'ELECTRONIC F/INJ', 65, 85, 5, '4A', '4D SEDAN', 'RWD', 2700),
(14882, 'BMW', '3', 'E46 18i', 2000, 48315, '1.9', 'MULTI POINT F/INJ', 63, 87, 5, '5M', '4D SEDAN', 'RWD', 2725),
(14883, 'BMW', '3', '18i', 1986, 38600, '1.8', 'ELECTRONIC F/INJ', 58, 77, 5, '5M', '4D SEDAN', 'RWD', 2570),
(14884, 'BMW', '3', 'E36 18is SPORT', 1998, 58950, '1.9', 'MULTI POINT F/INJ', 62, 103, 5, '5M', '2D COUPE', 'RWD', 2700),
(14885, 'BMW', '7', '35iL EXECUTIVE', 1988, 145900, '3.4', 'ELECTRONIC F/INJ', 95, 155, 5, '4A', '4D SEDAN', 'RWD', 2945),
(14887, 'BMW', '5', '25i', 1991, 80200, '2.5', 'ELECTRONIC F/INJ', 80, 141, 5, '5M', '4D SEDAN', 'RWD', 2761),
(14888, 'BMW', '3', 'E46 25Ci', 2002, 75000, '2.5', 'MULTI POINT F/INJ', 63, 141, 5, '5AS', '2D COUPE', 'RWD', 2725),
(14889, 'BMW', '3', 'E46 16ti', 2005, 40350, '1.8', 'MULTI POINT F/INJ', 63, 85, 5, '5M', '3D HATCHBACK', 'RWD', 2725),
(14890, 'BMW', 'X5', 'E53 3.0d', 2005, 84300, '3.0', 'TURBO CDI', 93, 150, 5, '6A', '4D WAGON', '4WD', 2820),
(14891, 'DATSUN', 'FAIRLADY', 'SPORTS', 1964, 2530, '1.5', 'CARB', 43, 63, 0, '4M', '2D ROADSTER', 'RWD', 2280),
(14895, 'DATSUN', '180B', 'SSS', 1977, 6012, '1.8', 'CARB', 55, 82, 5, '5M', '2D HARDTOP', 'RWD', 2500),
(14896, 'MAZDA', '121', 'METRO SHADES', 2001, 19050, '1.5', 'ELECTRONIC F/INJ', 43, 64, 5, '5M', '5D HATCHBACK', 'FWD', 2390),
(14897, 'MAZDA', '121', 'SHADES', 1997, 14200, '1.3', 'SINGLE POINT F/INJ', 40, 54, 5, '5M', '4D SEDAN', 'FWD', 2390),
(14899, 'MAZDA', '121', 'METRO SHADES', 2002, 19240, '1.5', 'ELECTRONIC F/INJ', 43, 64, 5, '5M', '5D HATCHBACK', 'FWD', 2390),
(14900, 'MAZDA', '121', 'DELUXE', 1987, 12250, '1.3', 'CARB', 38, 46, 5, '5M', '3D HATCHBACK', 'FWD', 2295),
(14901, 'MAZDA', '121', 'METRO SHADES', 1999, 19590, '1.5', 'ELECTRONIC F/INJ', 40, 64, 5, '4A', '5D HATCHBACK', 'FWD', 2390),
(14902, 'VOLKSWAGEN', 'TRANSPORTER', 'T5 MY08 CREWVAN SWB', 2008, 42990, '2.5', 'DIESEL TURBO F/INJ', 80, 96, 5, '6ATip', 'VAN', 'FWD', 3000),
(14903, 'VOLKSWAGEN', 'JETTA', '1KM 2.0 TDI', 2006, 35490, '2.0', 'DIESEL TURBO F/INJ', 55, 103, 5, '6M', '4D SEDAN', 'FWD', 2578),
(14904, 'VOLKSWAGEN', 'TRANSPORTER', 'T5 SWB', 2005, 43400, '2.5', 'DIESEL TURBO F/INJ', 80, 96, 2, '6ATip', 'VAN', 'FWD', 3000),
(14905, 'VOLKSWAGEN', 'POLO', '9N MY07 UPGRADE CLUB', 2007, 16990, '1.4', 'MULTI POINT F/INJ', 45, 59, 5, '5M', '3D HATCHBACK', 'FWD', 2465),
(14906, 'VOLKSWAGEN', 'JETTA', '1KM 2.0 TURBO FSI', 2006, 39990, '2.0', 'TURBO MPFI', 55, 147, 5, '6ADSG', '4D SEDAN', 'FWD', 2578),
(14907, 'VOLKSWAGEN', 'MULTIVAN', 'T5 HIGHLINE', 2006, 72990, '2.5', 'DIESEL TURBO F/INJ', 80, 128, 7, '6ATip', '4D VAN', 'FWD', 3000),
(14908, 'VOLKSWAGEN', 'JETTA', '1KM 2.0 TURBO FSI', 2007, 39990, '2.0', 'TURBO MPFI', 55, 147, 5, '6ADSG', '4D SEDAN', 'FWD', 2578),
(14909, 'VOLKSWAGEN', 'GOLF', '1K GTi', 2007, 39990, '2.0', 'TURBO MPFI', 55, 147, 5, '6M', '5D HATCHBACK', 'FWD', 2578),
(14910, 'VOLKSWAGEN', 'GOLF', 'GL', 2001, 25990, '1.6', 'MULTI POINT F/INJ', 55, 74, 5, '5M', '5D HATCHBACK', 'FWD', 2511),
(14911, 'VOLKSWAGEN', 'GOLF', '1K 1.9 TDI COMFORTLINE', 2005, 32290, '1.9', 'DIESEL TURBO F/INJ', 55, 77, 5, '6ADSG', '5D HATCHBACK', 'FWD', 2578),
(14912, 'VOLKSWAGEN', 'JETTA', '1KM 2.0 FSI', 2007, 35290, '2.0', 'MULTI POINT F/INJ', 55, 110, 5, '6ATip', '4D SEDAN', 'FWD', 2578),
(14914, 'VOLKSWAGEN', 'GOLF', '1K GT', 2007, 37290, '1.4', 'S/C & T/C MPFI', 55, 125, 5, '6ADSG', '5D HATCHBACK', 'FWD', 2578),
(14915, 'VOLKSWAGEN', 'GOLF', 'GL', 1995, 30490, '2.0', 'MULTI POINT F/INJ', 55, 85, 5, '5M', '5D HATCHBACK', 'FWD', 2475),
(14920, 'VOLKSWAGEN', 'JETTA', '1KM 2.0 TDI', 2007, 37990, '2.0', 'DIESEL TURBO F/INJ', 55, 103, 5, '6ADSG', '4D SEDAN', 'FWD', 2578),
(14921, 'VOLKSWAGEN', 'GOLF', '1K 2.0 FSI COMFORTLINE', 2005, 32290, '2.0', 'ELECTRONIC F/INJ', 55, 110, 5, '6ATip', '5D HATCHBACK', 'FWD', 2578),
(14922, 'VOLKSWAGEN', 'GOLF', '1K 2.0 TDI COMFORTLINE', 2007, 32490, '2.0', 'DIESEL TURBO F/INJ', 55, 103, 5, '6M', '5D HATCHBACK', 'FWD', 2578),
(14923, 'VOLKSWAGEN', 'PASSAT', '3B 1.8T', 2002, 49800, '1.8', 'TURBO MPFI', 62, 110, 5, '5ATip', '4D WAGON', 'FWD', 2703),
(14924, 'VOLKSWAGEN', 'GOLF', '1K 2.0 FSI SPORTLINE', 2006, 32990, '2.0', 'ELECTRONIC F/INJ', 55, 110, 5, '6M', '5D HATCHBACK', 'FWD', 2578),
(14925, 'VOLKSWAGEN', 'GOLF', 'GLE', 1999, 34990, '2.0', 'MULTI POINT F/INJ', 55, 85, 5, '5M', '5D HATCHBACK', 'FWD', 2511),
(14926, 'VOLKSWAGEN', 'GOLF', 'GL', 1998, 31980, '1.6', 'MULTI POINT F/INJ', 55, 74, 5, '4A', '5D HATCHBACK', 'FWD', 2511),
(14927, 'VOLKSWAGEN', 'MULTIVAN', 'T5 COMFORTLINE 4MOTION', 2006, 60990, '2.5', 'DIESEL TURBO F/INJ', 80, 128, 7, '6M', '4D VAN', '4WD', 3000),
(14928, 'VOLKSWAGEN', 'POLO', '9N S', 2002, 21800, '1.4', 'MULTI POINT F/INJ', 45, 55, 5, '5M', '5D HATCHBACK', 'FWD', 2460),
(14929, 'VOLKSWAGEN', 'TOUAREG', '7L R5 TDi LUXURY', 2006, 78600, '2.5', 'DIESEL TURBO F/INJ', 100, 128, 5, '6ATip', '4D WAGON', '4WD', 2855),
(14930, 'VOLKSWAGEN', 'CADDY', '2K LIFE', 2006, 34990, '1.9', 'DIESEL TURBO F/INJ', 60, 77, 5, '6ADSG', '4D WAGON', 'FWD', 2682),
(14940, 'VOLKSWAGEN', 'GOLF', '1K 2.0 TDI COMFORTLINE', 2004, 32490, '2.0', 'DIESEL TURBO F/INJ', 55, 103, 5, '6M', '5D HATCHBACK', 'FWD', 2578),
(14941, 'VOLKSWAGEN', 'BORA', '1J 2.0', 2001, 36350, '2.0', 'MULTI POINT F/INJ', 55, 85, 5, '5M', '4D SEDAN', 'FWD', 2500),
(14942, 'VOLKSWAGEN', 'POLO', '9N MY06 UPGRADE CLUB', 2006, 16990, '1.4', 'MULTI POINT F/INJ', 45, 55, 5, '5M', '3D HATCHBACK', 'FWD', 2465),
(14943, 'VOLKSWAGEN', 'CADDY', '2K 1.9 TDi', 2006, 24990, '1.9', 'DIESEL TURBO F/INJ', 60, 77, 2, '5M', 'VAN', 'FWD', 2682),
(14944, 'VOLKSWAGEN', 'POLO', '9N', 2003, 19800, '1.4', 'MULTI POINT F/INJ', 45, 55, 5, '5M', '3D HATCHBACK', 'FWD', 2460),
(14945, 'VOLKSWAGEN', 'GOLF', '1.6 GENERATION', 2004, 25990, '1.6', 'MULTI POINT F/INJ', 55, 75, 5, '5M', '5D HATCHBACK', 'FWD', 2511),
(14946, 'VOLKSWAGEN', 'POLO', '9N MY07 UPGRADE GTi', 2007, 26990, '1.8', 'TURBO MPFI', 45, 110, 5, '5M', '3D HATCHBACK', 'FWD', 2466),
(14947, 'VOLKSWAGEN', 'GOLF', 'GL', 1999, 31190, '1.6', 'MULTI POINT F/INJ', 55, 74, 5, '4A', '5D HATCHBACK', 'FWD', 2511),
(14948, 'VOLKSWAGEN', 'GOLF', '1K 2.0 TDI COMFORTLINE', 2006, 34790, '2.0', 'DIESEL TURBO F/INJ', 55, 103, 5, '6ADSG', '5D HATCHBACK', 'FWD', 2578),
(14949, 'VOLKSWAGEN', 'GOLF', 'GL', 2000, 25990, '1.6', 'MULTI POINT F/INJ', 55, 74, 5, '5M', '5D HATCHBACK', 'FWD', 2511),
(14950, 'VOLKSWAGEN', 'GOLF', '1K 1.6 TRENDLINE', 2005, 25490, '1.6', 'MULTI POINT F/INJ', 55, 75, 5, '5M', '5D HATCHBACK', 'FWD', 2578),
(14960, 'VOLKSWAGEN', 'PASSAT', '3C 2.0T FSI', 2006, 44990, '2.0', 'TURBO MPFI', 70, 147, 5, '6ATip', '4D SEDAN', 'FWD', 2709),
(14961, 'VOLKSWAGEN', 'TOUAREG', '7L R5 TDi LUXURY', 2005, 78600, '2.5', 'DIESEL TURBO F/INJ', 100, 128, 5, '6ATip', '4D WAGON', '4WD', 2855),
(14962, 'VOLKSWAGEN', 'PASSAT', '3C 3.2 V6 FSI', 2006, 54990, '3.2', 'MULTI POINT F/INJ', 70, 184, 5, '6ADSG', '4D SEDAN', 'AWD', 2709),
(14964, 'VOLKSWAGEN', 'GOLF', '2.0 S', 2002, 29490, '2.0', 'MULTI POINT F/INJ', 55, 85, 5, '5M', '5D HATCHBACK', 'FWD', 2511),
(14965, 'VOLKSWAGEN', 'CARAVELLE', 'V6', 2003, 59990, '2.8', 'MULTI POINT F/INJ', 80, 150, 8, '4A', '4D WAGON', 'FWD', 2920),
(14966, 'VOLKSWAGEN', 'GOLF', '2.0 GENERATION', 2004, 29490, '2.0', 'MULTI POINT F/INJ', 55, 85, 5, '4A', '5D HATCHBACK', 'FWD', 2511),
(14967, 'VOLKSWAGEN', 'POLO', 'OPEN AIR', 1999, 21490, '1.6', 'MULTI POINT F/INJ', 45, 55, 5, '5M', '5D HATCHBACK', 'FWD', 2400),
(14969, 'VOLKSWAGEN', '1600', 'SUPER BUG L', 1975, 3798, '1.6', 'CARB', 42, 37, 4, '4M', '2D SEDAN', 'RWD', 2420),
(14984, 'ALFA ROMEO', 'GTV', '2', 1999, 61990, '2.0', 'MULTI POINT F/INJ', 70, 114, 4, '5M', '2D COUPE', 'FWD', 2540),
(14985, 'ALFA ROMEO', '156', 'V6 24V', 2002, 57500, '2.5', 'MULTI POINT F/INJ', 63, 140, 5, '6M', '4D SEDAN', 'FWD', 2595),
(15000, 'ALFA ROMEO', '147', 'GTA MONZA', 2005, 59990, '3.2', 'MULTI POINT F/INJ', 63, 184, 5, '6M', '3D HATCHBACK', 'FWD', 2546),
(15001, 'ALFA ROMEO', '156', '2.0 SELESPEED TWIN SPARK', 1999, 49950, '2.0', 'MULTI POINT F/INJ', 63, 114, 5, '5MSel', '4D SEDAN', 'FWD', 2595),
(15002, 'ALFA ROMEO', '147', '2.0 TWIN SPARK', 2003, 39500, '2.0', 'MULTI POINT F/INJ', 60, 110, 5, '5M', '5D HATCHBACK', 'FWD', 2546),
(15003, 'MERCEDES-BENZ', 'SLK', 'R171 200K', 2004, 86900, '1.8', 'SUPERCHARGED MPFI', 70, 120, 2, '5ATS', '2D CONVERTIBLE', 'RWD', 2430),
(15004, 'MERCEDES-BENZ', 'ML', 'W163 270 CDI 4x4', 2002, 69474, '2.7', 'TURBO CDI', 83, 120, 5, '5ATS', '4D WAGON', '4WD', 2820),
(15005, 'MERCEDES-BENZ', 'ML', 'W163 320 LUXURY 4x4', 2002, 77274, '3.2', 'MULTI POINT F/INJ', 83, 160, 5, '5ATS', '4D WAGON', '4WD', 2820),
(15006, 'MERCEDES-BENZ', 'C180', 'W203 KOMPRESSOR AVANTGARDE', 2002, 61400, '1.8', 'SUPERCHARGED MPFI', 70, 105, 5, '5ATS', '4D SEDAN', 'RWD', 2715),
(15007, 'MERCEDES-BENZ', 'ML', '320 LUXURY 4x4', 2000, 72900, '3.2', 'MULTI POINT F/INJ', 70, 160, 5, '5ATS', '4D WAGON', '4WD', 2820),
(15008, 'MERCEDES-BENZ', 'SLK230', 'KOMPRESSOR', 2000, 95380, '2.3', 'SUPERCHARGED MPFI', 53, 142, 2, '5A', '2D CONVERTIBLE', 'RWD', 2400),
(15009, 'MERCEDES-BENZ', 'ML', 'W163 500 LUXURY 4x4', 2004, 99900, '5.0', 'MULTI POINT F/INJ', 83, 215, 5, '5ATS', '4D WAGON', '4WD', 2820),
(15010, 'MERCEDES-BENZ', '300', 'TE', 1991, 124500, '3.0', 'ELECTRONIC F/INJ', 70, 135, 7, '4A', '4D WAGON', 'RWD', 2800),
(15011, 'MERCEDES-BENZ', 'C200', 'W202 ELEGANCE', 2000, 64580, '2.0', 'MULTI POINT F/INJ', 62, 100, 5, '5A', '4D SEDAN', 'RWD', 2690),
(15020, 'MERCEDES-BENZ', '280', 'W126 SE', 1982, 55979, '2.7', 'ELECTRONIC F/INJ', 90, 125, 5, '4A', '4D SEDAN', 'RWD', 2935),
(15022, 'MERCEDES-BENZ', 'ML', '320 LUXURY 4x4', 1999, 73400, '3.2', 'MULTI POINT F/INJ', 70, 160, 5, '5ATS', '4D WAGON', '4WD', 2820),
(15023, 'MERCEDES-BENZ', 'ML', 'W163 270 CDI LUXURY 4x4', 2003, 77274, '2.7', 'TURBO CDI', 83, 120, 5, '5ATS', '4D WAGON', '4WD', 2820),
(15024, 'MERCEDES-BENZ', 'E280', 'W210 ELEGANCE', 1999, 112400, '2.8', 'MULTI POINT F/INJ', 80, 150, 5, '5ASeq', '4D SEDAN', 'RWD', 2833),
(15025, 'MERCEDES-BENZ', 'VITO', '115CDI COMPACT CREW CAB', 2005, 48380, '2.1', 'DIESEL TURBO F/INJ', 75, 110, 5, '5A', '5D VAN', 'RWD', 3200),
(15026, 'MERCEDES-BENZ', '180', 'E LIMITED EDITION', 1993, 47115, '1.8', 'ELECTRONIC F/INJ', 55, 82, 5, '4A', '4D SEDAN', 'RWD', 2665),
(15027, 'MERCEDES-BENZ', 'A160', 'AVANTGARDE', 1999, 41400, '1.6', 'MULTI POINT F/INJ', 54, 75, 5, '5MSeq', '5D HATCHBACK', 'FWD', 2423),
(15028, 'MERCEDES-BENZ', 'ML', '270 CDI 4x4', 2001, 64900, '2.7', 'TURBO CDI', 70, 120, 5, '5ATS', '4D WAGON', '4WD', 2820),
(15029, 'MERCEDES-BENZ', 'A170', 'W169 ELEGANCE', 2006, 42400, '1.7', 'MULTI POINT F/INJ', 54, 85, 5, 'CVT7', '5D HATCHBACK', 'FWD', 2568),
(15030, 'MERCEDES-BENZ', '300', 'W124 E', 1986, 79296, '3.0', 'ELECTRONIC F/INJ', 70, 135, 5, '4A', '4D SEDAN', 'RWD', 2800),
(15040, 'MERCEDES-BENZ', '230', 'W124 E', 1988, 87100, '2.3', 'ELECTRONIC F/INJ', 70, 97, 5, '4A', '4D SEDAN', 'RWD', 2800),
(15041, 'MERCEDES-BENZ', '180', 'E LIMITED EDITION', 1992, 45690, '1.8', 'ELECTRONIC F/INJ', 55, 82, 5, '4A', '4D SEDAN', 'RWD', 2665),
(15042, 'MERCEDES-BENZ', 'E55', '211 MY06 UPGRADE AMG', 2006, 225600, '5.4', 'SUPERCHARGED MPFI', 80, 350, 5, '5ATSh', '4D SEDAN', 'RWD', 2854),
(15043, 'MERCEDES-BENZ', '380', 'SEL', 1982, 68795, '3.8', 'ELECTRONIC F/INJ', 90, 145, 5, '4A', '4D SEDAN', 'RWD', 3075),
(15044, 'MERCEDES-BENZ', 'A190', 'W168 LWB ELEGANCE', 2004, 42900, '1.9', 'MULTI POINT F/INJ', 54, 92, 5, '5MSeq', '5D HATCHBACK', 'FWD', 2593),
(15045, 'MERCEDES-BENZ', '180', 'E LIMITED EDITION', 1994, 47115, '1.8', 'ELECTRONIC F/INJ', 55, 82, 5, '4A', '4D SEDAN', 'RWD', 2665),
(15046, 'MERCEDES-BENZ', 'A190', 'W168 AVANTGARDE', 2001, 41230, '1.9', 'MULTI POINT F/INJ', 54, 92, 5, '5MSeq', '5D HATCHBACK', 'FWD', 2423),
(15047, 'MERCEDES-BENZ', 'CLK230', 'KOMP ELEGANCE', 2000, 111580, '2.3', 'SUPERCHARGED MPFI', 62, 142, 4, '5A', '2D CABRIOLET', 'RWD', 2690),
(15048, 'MERCEDES-BENZ', 'A190', 'W168 AVANTGARDE', 2000, 41230, '1.9', 'MULTI POINT F/INJ', 54, 92, 5, '5MSeq', '5D HATCHBACK', 'FWD', 2423),
(15049, 'MERCEDES-BENZ', 'ML', 'W163 500 LUXURY 4x4', 2001, 98500, '5.0', 'MULTI POINT F/INJ', 83, 215, 5, '5ATS', '4D WAGON', '4WD', 2820),
(15050, 'MERCEDES-BENZ', 'E500', '211 AVANTGARDE', 2002, 153900, '5.0', 'MULTI POINT F/INJ', 89, 225, 5, '5ATSh', '4D SEDAN', 'RWD', 2854),
(15063, 'RENAULT', 'CLIO', 'SPORT', 2002, 33990, '2.0', 'MULTI POINT F/INJ', 50, 124, 5, '5M', '3D HATCHBACK', 'FWD', 2472),
(15066, 'RENAULT', 'CLIO', 'CAMPUS', 2006, 18990, '1.4', 'MULTI POINT F/INJ', 50, 72, 5, '5M', '5D HATCHBACK', 'FWD', 2472),
(15068, 'RENAULT', 'SCENIC', 'PRIVILEGE', 2003, 37990, '2.0', 'MULTI POINT F/INJ', 60, 101, 5, '4A', '5D WAGON', 'FWD', 2580),
(15080, 'RENAULT', '19', 'RT', 1995, 26790, '1.7', 'MULTI POINT F/INJ', 55, 68, 5, '5M', '5D HATCHBACK', 'FWD', 2540),
(15081, 'RENAULT', 'MEGANE', 'PRIVILEGE', 2004, 35990, '2.0', 'MULTI POINT F/INJ', 60, 98, 5, '4A', '4D SEDAN', 'FWD', 2686),
(15082, 'RENAULT', 'MEGANE', 'EXPRESSION', 2002, 41490, '1.6', 'MULTI POINT F/INJ', 60, 79, 4, '5M', '2D CABRIOLET', 'FWD', 2461),
(15083, 'VOLVO', 'S60', '05 UPGRADE 2.4 20V SE', 2006, 56950, '2.4', 'MULTI POINT F/INJ', 70, 125, 5, '5A', '4D SEDAN', 'FWD', 2715),
(15084, 'VOLVO', 'V50', 'MY08 D5', 2008, 47950, '2.4', 'DIESEL TURBO F/INJ', 60, 132, 5, '5AG', '4D WAGON', 'FWD', 2640),
(15085, 'VOLVO', '7', '40 TURBO', 1989, 65900, '2.3', 'TURBO EFI', 82, 119, 5, '4A', '4D SEDAN', 'RWD', 2770),
(15087, 'VOLVO', '8', '50 GLE', 1992, 45690, '2.4', 'ELECTRONIC F/INJ', 73, 103, 5, '4A', '4D SEDAN', 'FWD', 2665),
(15088, 'VOLVO', 'XC70', '05 UPGRADE II LIFESTYLE EDITION LE', 2005, 64450, '2.5', 'TURBO MPFI', 70, 154, 5, '5AG', '4D WAGON', 'AWD', 2761),
(15089, 'VOLVO', 'V50', 'MY07 2.4 LE', 2007, 47950, '2.4', 'MULTI POINT F/INJ', 62, 125, 5, '5AG', '4D WAGON', 'FWD', 2640),
(15100, 'VOLVO', 'S40', 'MY2003 2.0 SE', 2003, 47950, '1.9', 'MULTI POINT F/INJ', 60, 100, 5, '5A', '4D SEDAN', 'FWD', 2562),
(15101, 'VOLVO', 'S40', 'MY2001 2.0 SE', 2001, 47950, '1.9', 'MULTI POINT F/INJ', 60, 100, 5, '5A', '4D SEDAN', 'FWD', 2562),
(15102, 'VOLVO', '8', '50 GLE', 1994, 47950, '2.4', 'ELECTRONIC F/INJ', 73, 103, 5, '4A', '4D SEDAN', 'FWD', 2665),
(15103, 'VOLVO', 'S80', 'T6 SE', 2001, 98950, '2.8', 'TWIN TURBO MPFI', 80, 200, 5, '4AG', '4D SEDAN', 'RWD', 2791),
(15104, 'VOLVO', '8', '50 SE', 1997, 59950, '2.4', 'MULTI POINT F/INJ', 73, 125, 5, '4A', '5D WAGON', 'FWD', 2665),
(15105, 'VOLVO', 'V40', '2', 1997, 45950, '1.9', 'MULTI POINT F/INJ', 60, 103, 5, '4A', '5D WAGON', 'FWD', 2550),
(15106, 'VOLVO', 'S40', '2', 1997, 44950, '1.9', 'MULTI POINT F/INJ', 60, 103, 5, '4A', '4D SEDAN', 'FWD', 2550),
(15107, 'VOLVO', 'XC90', 'MY06 LIFESTYLE EDITION LE', 2006, 69950, '2.5', 'TURBO MPFI', 72, 154, 7, '5AG', '4D WAGON', 'AWD', 2857),
(15108, 'VOLVO', 'S40', 'T4', 1998, 53450, '1.9', 'TURBO MPFI', 60, 147, 5, '5M', '4D SEDAN', 'FWD', 2550),
(15109, 'VOLVO', '4', '40 GLT', 1994, 40950, '2.0', 'ELECTRONIC F/INJ', 60, 80, 5, '4A', '4D HATCHBACK', 'FWD', 2503),
(15110, 'VOLVO', '2', '44 GL', 1979, 11220, '2.1', 'FUEL INJECTED', 60, 91, 5, '3A', '4D SEDAN', 'RWD', 2640),
(15119, 'VOLVO', '4', '40 GLT', 1996, 45500, '2.0', 'ELECTRONIC F/INJ', 60, 80, 5, '4A', '4D HATCHBACK', 'FWD', 2503),
(15121, 'VOLVO', 'S40', 'MY06 T5 AWD', 2006, 54950, '2.5', 'TURBO MPFI', 57, 162, 5, '5AG', '4D SEDAN', 'AWD', 2640),
(15122, 'NISSAN', '200', 'S15 SX SPEC S GT', 2002, 42990, '2.0', 'TURBO MPFI', 65, 147, 4, '6M', '2D COUPE', 'RWD', 2525),
(15123, 'NISSAN', '200', 'SX SPORTS LIMITED', 1994, 38500, '2.0', 'TURBO MPFI', 65, 147, 4, '5M', '2D COUPE', 'RWD', 2525),
(15124, 'NISSAN', '200', 'SX SPORTS', 1996, 44510, '2.0', 'TURBO MPFI', 65, 147, 4, '5M', '2D COUPE', 'RWD', 2525),
(15125, 'NISSAN', '200', 'S15 SX SPEC S', 2002, 40990, '2.0', 'TURBO MPFI', 65, 147, 4, '6M', '2D COUPE', 'RWD', 2525),
(15126, 'NISSAN', '200', 'S15 SX SPEC R GT', 2002, 46490, '2.0', 'TURBO MPFI', 65, 147, 4, '6M', '2D COUPE', 'RWD', 2525),
(15127, 'NISSAN', '200', 'SX SPORTS LIMITED', 1998, 39990, '2.0', 'TURBO MPFI', 65, 147, 4, '5M', '2D COUPE', 'RWD', 2525),
(15128, 'NISSAN', '200', 'S15 SX SPEC S', 2001, 40990, '2.0', 'TURBO MPFI', 65, 147, 4, '6M', '2D COUPE', 'RWD', 2525),
(15129, 'NISSAN', '200', 'SX LUXURY', 1998, 49995, '2.0', 'TURBO MPFI', 65, 147, 4, '5M', '2D COUPE', 'RWD', 2525),
(15130, 'PEUGEOT', '205', 'GTi', 1990, 33750, '1.9', 'ELECTRONIC F/INJ', 50, 75, 5, '5M', '3D HATCHBACK', 'FWD', 2420),
(15140, 'PEUGEOT', '406', 'D8 ST', 1997, 39995, '2.0', 'MULTI POINT F/INJ', 70, 100, 5, '5M', '4D SEDAN', 'FWD', 2700),
(15142, 'PEUGEOT', '405', 'Mi16', 1993, 41995, '2.0', 'ELECTRONIC F/INJ', 70, 112, 5, '5M', '4D SEDAN', 'FWD', 2669),
(15143, 'PEUGEOT', '306', 'XT', 2000, 29490, '2.0', 'MULTI POINT F/INJ', 60, 100, 5, '5M', '5D HATCHBACK', 'FWD', 2580),
(15144, 'PEUGEOT', '206', 'XT', 2001, 22990, '1.6', 'MULTI POINT F/INJ', 50, 67, 5, '5M', '5D HATCHBACK', 'FWD', 2442),
(15146, 'PEUGEOT', '206', 'GTi', 2004, 29990, '2.0', 'MULTI POINT F/INJ', 50, 102, 5, '5M', '3D HATCHBACK', 'FWD', 2442),
(15147, 'PEUGEOT', '406', 'D9', 2004, 69550, '2.9', 'MULTI POINT F/INJ', 70, 157, 4, '5M', '2D COUPE', 'FWD', 2700),
(15148, 'PEUGEOT', '206', 'CC', 2005, 32990, '1.6', 'MULTI POINT F/INJ', 50, 80, 4, '5M', '2D CABRIOLET', 'FWD', 2442),
(15149, 'PEUGEOT', '307', 'XSE', 2003, 31790, '2.0', 'MULTI POINT F/INJ', 60, 100, 5, '5M', '5D HATCHBACK', 'FWD', 2608),
(15150, 'PEUGEOT', '206', 'XR', 2002, 19990, '1.4', 'MULTI POINT F/INJ', 50, 55, 5, '5M', '5D HATCHBACK', 'FWD', 2442),
(15160, 'PEUGEOT', '405', 'D60 SRI', 1992, 34995, '1.9', 'ELECTRONIC F/INJ', 70, 80, 5, '5M', '4D SEDAN', 'FWD', 2669),
(15161, 'PEUGEOT', '307', 'MY06 UPGRADE XSE HDi 2.0', 2006, 32290, '2.0', 'DIESEL TURBO F/INJ', 60, 100, 5, '6M', '5D HATCHBACK', 'FWD', 2608),
(15162, 'PEUGEOT', '206', 'XT', 2000, 22450, '1.6', 'MULTI POINT F/INJ', 50, 67, 5, '5M', '5D HATCHBACK', 'FWD', 2442),
(15163, 'PEUGEOT', '307', 'MY06 UPGRADE SPORT 2.0', 2005, 37990, '2.0', 'MULTI POINT F/INJ', 60, 130, 5, '5M', '5D HATCHBACK', 'FWD', 2608),
(15165, 'PEUGEOT', '206', 'CC', 2006, 34990, '1.6', 'MULTI POINT F/INJ', 50, 80, 4, '4ATip', '2D CABRIOLET', 'FWD', 2442),
(15166, 'PEUGEOT', '307', 'XSE', 2004, 33990, '2.0', 'MULTI POINT F/INJ', 60, 100, 5, '4ATip', '5D HATCHBACK', 'FWD', 2608),
(15167, 'PEUGEOT', '206', 'C', 2006, 22990, '1.6', 'MULTI POINT F/INJ', 50, 82, 5, '5M', '5D HATCHBACK', 'FWD', 2442),
(15168, 'PEUGEOT', '206', 'XR', 2004, 19990, '1.4', 'MULTI POINT F/INJ', 50, 55, 5, '5M', '5D HATCHBACK', 'FWD', 2442),
(15169, 'PEUGEOT', '307', 'MY06 UPGRADE XSE HDi 2.0 TOURING', 2006, 33990, '2.0', 'DIESEL TURBO F/INJ', 60, 100, 5, '6M', '4D WAGON', 'FWD', 2708),
(15181, 'PEUGEOT', '206', 'XR', 2003, 21990, '1.6', 'MULTI POINT F/INJ', 50, 82, 5, '5M', '3D HATCHBACK', 'FWD', 2442),
(15184, 'EUNOS', '800', 'M', 1996, 85165, '2.3', 'MILLER CYCLE', 68, 149, 5, '4A', '4D SEDAN', 'FWD', 2750),
(15186, 'EUNOS', '30', 'X SPORT', 1996, 37155, '1.8', 'ELECTRONIC F/INJ', 50, 99, 4, '5M', '2D COUPE', 'FWD', 2455),
(15199, 'CHRYSLER', 'VALIANT', 'CM GLX', 1979, 8014, '4.3', 'CARB', 79, 120, 5, '3A', '4D SEDAN', 'RWD', 2820),
(15200, 'CHRYSLER', '300C', 'LE MY06 CRD', 2006, 57990, '3.0', 'DIESEL TURBO F/INJ', 71, 160, 5, '5A', '4D SEDAN', 'RWD', 3050),
(15201, 'CHRYSLER', 'VOYAGER', 'RG SE', 2002, 52590, '3.3', 'MULTI POINT F/INJ', 75, 128, 7, '4A', '4D WAGON', 'FWD', 2787),
(15202, 'CHRYSLER', 'CROSSFIRE', 'ZH ROADSTER', 2005, 75990, '3.2', 'MULTI POINT F/INJ', 60, 160, 2, '5ASeq', '2D CONVERTIBLE', 'RWD', 2400),
(15203, 'CHRYSLER', 'VOYAGER', 'GS SE', 1999, 48200, '3.3', 'MULTI POINT F/INJ', 76, 116, 7, '4A', '4D WAGON', 'FWD', 2878),
(15204, 'CHRYSLER', 'PT CRUISER', 'MY06 CLASSIC', 2005, 31990, '2.4', 'MULTI POINT F/INJ', 57, 105, 5, '4A', '5D HATCHBACK', 'FWD', 2616),
(15205, 'CHRYSLER', 'PT CRUISER', 'CLASSIC', 2001, 35200, '2.0', 'MULTI POINT F/INJ', 57, 104, 5, '5M', '5D HATCHBACK', 'FWD', 2616),
(15207, 'CHRYSLER', '300C', 'LE MY06 SRT8', 2006, 71990, '6.1', 'MULTI POINT F/INJ', 71, 317, 5, '5A', '4D SEDAN', 'RWD', 3050),
(15208, 'CHRYSLER', 'GRAND VOYAGER', 'RG SE', 2004, 59090, '3.3', 'MULTI POINT F/INJ', 75, 128, 7, '4A', '4D WAGON', 'FWD', 3030),
(15209, 'CHRYSLER', 'NEON', 'SE', 1997, 24880, '2.0', 'ELECTRONIC F/INJ', 47, 98, 5, '3A', '4D SEDAN', 'FWD', 2642),
(15210, 'CHRYSLER', 'PT CRUISER', 'CLASSIC', 2004, 32490, '2.0', 'MULTI POINT F/INJ', 57, 104, 5, '4A', '5D HATCHBACK', 'FWD', 2616),
(15220, 'CHRYSLER', 'VOYAGER', 'RG 05 UPGRADE LX', 2004, 62980, '3.3', 'MULTI POINT F/INJ', 75, 128, 7, '4A', '4D WAGON', 'FWD', 3030),
(15221, 'CHRYSLER', 'PT CRUISER', 'LIMITED', 2004, 38490, '2.0', 'MULTI POINT F/INJ', 57, 104, 5, '4A', '5D HATCHBACK', 'FWD', 2616),
(15222, 'CHRYSLER', 'VOYAGER', 'GS SE', 2001, 46900, '3.3', 'MULTI POINT F/INJ', 76, 116, 7, '4A', '4D WAGON', 'FWD', 2878),
(15223, 'MAZDA', '323', 'PROTEGE', 1999, 20990, '1.6', 'MULTI POINT F/INJ', 55, 78, 5, '5M', '4D SEDAN', 'FWD', 2610),
(15224, 'MAZDA', '323', 'ASTINA', 1997, 35700, '2.0', 'MULTI POINT F/INJ', 55, 104, 5, '5M', '5D HATCHBACK', 'FWD', 2605),
(15225, 'MAZDA', '323', 'ASTINA SHADES', 2001, 20490, '1.6', 'MULTI POINT F/INJ', 55, 78, 5, '5M', '5D HATCHBACK', 'FWD', 2605),
(15226, 'MAZDA', '323', 'DELUXE', 1983, 8835, '1.5', 'CARB', 45, 54, 4, '5M', '4D WAGON', 'RWD', 2315),
(15227, 'MAZDA', '323', 'PROTEGE SHADES', 2000, 19715, '1.6', 'MULTI POINT F/INJ', 55, 78, 5, '5M', '4D SEDAN', 'FWD', 2610),
(15228, 'MAZDA', '323', 'PROTEGE', 1997, 22915, '1.8', 'MULTI POINT F/INJ', 55, 92, 5, '5M', '4D SEDAN', 'FWD', 2605),
(15229, 'MAZDA', '323', 'ASTINA', 1995, 31050, '1.8', 'MULTI POINT F/INJ', 55, 92, 5, '4A', '5D HATCHBACK', 'FWD', 2605),
(15230, 'MAZDA', '323', 'PROTEGE', 1998, 22915, '1.8', 'MULTI POINT F/INJ', 55, 92, 5, '5M', '4D SEDAN', 'FWD', 2605),
(15240, 'MAZDA', '323', 'PROTEGE', 2000, 19715, '1.6', 'MULTI POINT F/INJ', 55, 78, 5, '5M', '4D SEDAN', 'FWD', 2610),
(15241, 'MAZDA', '323', 'ASTINA', 1993, 25715, '1.8', 'MULTI POINT F/INJ', 55, 76, 5, '5M', '5D HATCHBACK', 'FWD', 2500),
(15242, 'MAZDA', '323', 'ASTINA SHADES', 2000, 19715, '1.6', 'MULTI POINT F/INJ', 55, 78, 5, '5M', '5D HATCHBACK', 'FWD', 2605),
(15243, 'MAZDA', '323', 'ASTINA', 1996, 38270, '2.0', 'MULTI POINT F/INJ', 55, 104, 5, '5M', '5D HATCHBACK', 'FWD', 2605),
(15244, 'MAZDA', '323', 'ASTINA', 1998, 28480, '1.8', 'MULTI POINT F/INJ', 55, 92, 5, '4A', '5D HATCHBACK', 'FWD', 2605),
(15245, 'MAZDA', '323', 'SUPER DELUXE', 1989, 20210, '1.6', 'MULTI POINT F/INJ', 48, 61, 5, '4A', '5D HATCHBACK', 'FWD', 2400),
(15246, 'MAZDA', '323', 'PROTEGE', 2003, 21840, '1.8', 'MULTI POINT F/INJ', 55, 92, 5, '4A', '4D SEDAN', 'FWD', 2610),
(15247, 'MAZDA', '323', 'ASTINA', 2003, 21840, '1.8', 'MULTI POINT F/INJ', 55, 92, 5, '4A', '5D HATCHBACK', 'FWD', 2610),
(15248, 'MAZDA', '323', 'SUPER DELUXE', 1988, 19390, '1.6', 'CARB', 48, 53, 5, '3A', '5D HATCHBACK', 'FWD', 2400),
(15249, 'MAZDA', '323', 'ASTINA SHADES', 1998, 26990, '1.8', 'MULTI POINT F/INJ', 55, 92, 5, '5M', '5D HATCHBACK', 'FWD', 2605),
(15250, 'MAZDA', '323', 'ASTINA SP', 1994, 30085, '1.8', 'MULTI POINT F/INJ', 55, 92, 5, '5M', '5D HATCHBACK', 'FWD', 2500),
(15259, 'MAZDA', '323', 'LIMITED', 1985, 15826, '1.6', 'MULTI POINT F/INJ', 45, 61, 5, '5M', '5D HATCHBACK', 'FWD', 2400),
(15260, 'MAZDA', '323', 'ASTINA SP20', 2002, 29180, '2.0', 'MULTI POINT F/INJ', 55, 98, 5, '5M', '5D HATCHBACK', 'FWD', 2610),
(15261, 'MAZDA', '323', 'PROTEGE SHADES', 2002, 20695, '1.6', 'MULTI POINT F/INJ', 55, 78, 5, '5M', '4D SEDAN', 'FWD', 2605),
(15263, 'MAZDA', '323', 'BJ PROTEGE SHADES', 2003, 19990, '1.8', 'MULTI POINT F/INJ', 55, 92, 5, '5M', '4D SEDAN', 'FWD', 2610),
(15264, 'MAZDA', '323', 'PROTEGE SP20', 2002, 26990, '2.0', 'MULTI POINT F/INJ', 55, 98, 5, '5M', '4D SEDAN', 'FWD', 2610),
(15280, 'MITSUBISHI', '380', 'DB', 2005, 35990, '3.8', 'MULTI POINT F/INJ', 67, 175, 5, '5ASPM', '4D SEDAN', 'FWD', 2750),
(15282, 'TOYOTA', '4 RUNNER', 'DELUXE 4x4', 1989, 28200, '2.4', 'CARB', 65, 75, 5, '5M4x4', '4D WAGON', '4WD', 2625),
(15284, 'TOYOTA', '4 RUNNER', 'RV6 4x4', 1992, 36954, '3.0', 'ELECTRONIC F/INJ', 65, 105, 5, '4A4x4', '4D WAGON', '4WD', 2625),
(15297, 'MAZDA', '626', 'CLASSIC', 2000, 31070, '2.0', 'MULTI POINT F/INJ', 64, 93, 5, '5M', '5D HATCHBACK', 'FWD', 2610),
(15300, 'MAZDA', '626', 'ECLIPSE', 2002, 31980, '2.0', 'MULTI POINT F/INJ', 64, 93, 5, '4A', '4D SEDAN', 'FWD', 2610),
(15301, 'MAZDA', '626', 'LUXURY', 1999, 37290, '2.0', 'MULTI POINT F/INJ', 64, 93, 5, '4A', '5D HATCHBACK', 'FWD', 2610),
(15302, 'MAZDA', '626', 'DELUXE', 1994, 31335, '2.0', 'MULTI POINT F/INJ', 60, 85, 5, '4A', '4D SEDAN', 'FWD', 2610),
(15303, 'MAZDA', '626', 'CLASSIC', 1998, 30180, '2.0', 'MULTI POINT F/INJ', 64, 93, 5, '5M', '4D SEDAN', 'FWD', 2610),
(15304, 'MAZDA', '626', 'CLASSIC', 1999, 32430, '2.0', 'MULTI POINT F/INJ', 64, 93, 5, '4A', '4D SEDAN', 'FWD', 2610),
(15305, 'MAZDA', '626', 'CLASSIC', 2001, 32900, '2.0', 'MULTI POINT F/INJ', 64, 93, 5, '4A', '5D HATCHBACK', 'FWD', 2610),
(15306, 'MAZDA', '626', 'LIMITED EDITION', 2000, 30160, '2.0', 'MULTI POINT F/INJ', 64, 93, 5, '5M', '4D SEDAN', 'FWD', 2610),
(15307, 'AUDI', 'A4', 'B6 2.0', 2002, 50650, '2.0', 'MULTI POINT F/INJ', 70, 96, 5, 'CVTM', '4D SEDAN', 'FWD', 2650),
(15308, 'AUDI', 'A3', '8P SPORTBACK 2.0 TDI AMBITION DSG', 2005, 47750, '2.0', 'DIESEL TURBO F/INJ', 55, 103, 5, '6ADSG', '5D HATCHBACK', 'FWD', 2578),
(15309, 'AUDI', '90', 'SPORT', 1990, 42245, '2.3', 'ELECTRONIC F/INJ', 68, 100, 5, '5M', '4D SEDAN', 'FWD', 2546),
(15310, 'AUDI', 'A4', 'B7 2.0', 2007, 50450, '2.0', 'MULTI POINT F/INJ', 70, 96, 5, 'CVTM', '4D SEDAN', 'FWD', 2648),
(15316, 'AUDI', 'TT', 'MY99', 1999, 73000, '1.8', 'TURBO MPFI', 55, 132, 4, '5M', '2D COUPE', 'FWD', 2419),
(15317, 'AUDI', 'A4', '1.8 SE 20V', 1996, 51320, '1.8', 'MULTI POINT F/INJ', 60, 92, 5, '4A', '4D SEDAN', 'FWD', 2617),
(15321, 'AUDI', 'A4', 'B6 2.0 AVANT', 2003, 54250, '2.0', 'MULTI POINT F/INJ', 70, 96, 5, 'CVTM6', '4D WAGON', 'FWD', 2650),
(15322, 'AUDI', 'ALLROAD QUATTRO', 'C5', 2001, 99250, '2.7', 'TWIN TURBO MPFI', 70, 184, 5, '5ATip', '4D WAGON', 'AWD', 2760),
(15323, 'AUDI', 'A3', '1.6', 2003, 35400, '1.6', 'MULTI POINT F/INJ', 55, 75, 5, '5M', '5D HATCHBACK', 'FWD', 2512),
(15324, 'AUDI', 'S3', '1.8', 2000, 65850, '1.8', 'TURBO MPFI', 62, 154, 5, '6M', '3D HATCHBACK', 'AWD', 2519),
(15325, 'AUDI', 'A3', '8P SPORTBACK 2.0 TDI AMBITION DSG', 2006, 47750, '2.0', 'DIESEL TURBO F/INJ', 55, 103, 5, '6ADSG', '5D HATCHBACK', 'FWD', 2578),
(15326, 'AUDI', 'A3', '1.8', 1999, 42450, '1.8', 'MULTI POINT F/INJ', 55, 92, 5, '4A', '3D HATCHBACK', 'FWD', 2512),
(15327, 'AUDI', 'A3', '1.8 TURBO', 2004, 44950, '1.8', 'TURBO MPFI', 55, 110, 5, '5M', '5D HATCHBACK', 'FWD', 2512),
(15328, 'AUDI', 'TT', 'QUATTRO', 2004, 92500, '1.8', 'TURBO MPFI', 62, 165, 2, '6M', '2D ROADSTER', 'AWD', 2429),
(15329, 'AUDI', 'A3', '1.8', 2002, 38700, '1.8', 'MULTI POINT F/INJ', 55, 92, 5, '5M', '5D HATCHBACK', 'FWD', 2512),
(15330, 'AUDI', 'A6', '4B 2.4 V6', 2003, 80900, '2.4', 'MULTI POINT F/INJ', 70, 125, 5, 'CVTM6', '4D SEDAN', 'FWD', 2749),
(15340, 'SAAB', '40977', 'MY07 LINEAR SPORT 1.9TiD SPORTCOMBI', 2007, 53400, '1.9', 'TURBO MPFI', 58, 110, 5, '5A', '4D WAGON', 'FWD', 2675),
(15341, 'SAAB', '41038', 'SE', 2000, 67986, '2.3', 'TURBO MPFI', 75, 125, 5, '4A', '4D SEDAN', 'FWD', 2703),
(15342, 'SAAB', '40977', 'MY04 ARC 2.0T', 2004, 56400, '2.0', 'TURBO MPFI', 62, 129, 5, '5A', '4D SEDAN', 'FWD', 2675),
(15343, 'SAAB', '40977', 'MY02 AERO', 2002, 64575, '2.0', 'TURBO MPFI', 68, 151, 5, '4A', '5D HATCHBACK', 'FWD', 2605),
(15344, 'SAAB', '41038', 'MY04 AERO', 2004, 84900, '2.3', 'TURBO MPFI', 75, 184, 5, '5AST', '4D SEDAN', 'FWD', 2703),
(15345, 'SAAB', '900', 'SE 2.5 V6', 1996, 63900, '2.5', 'MULTI POINT F/INJ', 68, 125, 5, '4A', '5D HATCHBACK', 'FWD', 2600),
(15346, 'SAAB', '40977', 'MY03 TURBO 2.0t LTD ED', 2003, 73000, '2.0', 'TURBO MPFI', 68, 110, 5, '4A', '2D CONVERTIBLE', 'FWD', 2605),
(15347, 'SAAB', '9000', 'CS ANNIVERSARY', 1998, 54900, '2.3', 'TURBO EFI', 66, 125, 5, '4A', '4D HATCHBACK', 'FWD', 2672),
(15348, 'SAAB', '900', 'S 2.5 V6', 1994, 45900, '2.5', 'MULTI POINT F/INJ', 68, 125, 5, '5M', '5D HATCHBACK', 'FWD', 2600),
(15349, 'SAAB', '41038', 'MY01 S', 2001, 64000, '2.3', 'TURBO MPFI', 75, 136, 5, '4A', '4D SEDAN', 'FWD', 2703),
(15350, 'SAAB', '40977', 'MY05 AERO', 2005, 93000, '2.0', 'TURBO MPFI', 62, 155, 4, '5ASEN', '2D CONVERTIBLE', 'FWD', 2675),
(15357, 'SAAB', '9000', 'CSE', 1994, 79200, '2.3', 'TURBO EFI', 66, 147, 5, '4A', '4D HATCHBACK', 'FWD', 2672),
(15360, 'SAAB', '40977', 'AERO', 2000, 80887, '2.0', 'TURBO MPFI', 64, 158, 5, '5M', '2D CONVERTIBLE', 'FWD', 2605),
(15361, 'SAAB', '40977', 'S', 2001, 63885, '2.0', 'TURBO MPFI', 68, 113, 4, '5M', '2D CONVERTIBLE', 'FWD', 2605),
(15362, 'SAAB', '40977', 'MY04 AERO 2.0t', 2004, 67900, '2.0', 'TURBO MPFI', 62, 155, 5, '6M', '4D SEDAN', 'FWD', 2675),
(15363, 'SAAB', '9000', 'CS', 1997, 52000, '2.3', 'TURBO EFI', 66, 125, 5, '4A', '4D HATCHBACK', 'FWD', 2672),
(15364, 'SAAB', '9000', 'CS', 1996, 50400, '2.3', 'TURBO EFI', 66, 125, 5, '4A', '4D HATCHBACK', 'FWD', 2672),
(15365, 'SAAB', '40977', 'S', 2000, 65985, '2.0', 'TURBO MPFI', 68, 113, 4, '4A', '2D CONVERTIBLE', 'FWD', 2605),
(15366, 'SAAB', '40977', 'SE', 1999, 62000, '2.0', 'TURBO MPFI', 68, 136, 5, '4A', '5D SEDAN', 'FWD', 2605),
(15367, 'SAAB', '9000', 'CD 16', 1993, 46990, '2.3', 'ELECTRONIC F/INJ', 66, 108, 5, '4A', '4D SEDAN', 'FWD', 2672),
(15368, 'MAZDA', '929', 'DELUXE', 1987, 23010, '2.0', 'MULTI POINT F/INJ', 60, 70, 5, '5M', '4D SEDAN', 'RWD', 2615),
(15369, 'MAZDA', '929', 'LUXURY', 1986, 29600, '2.0', 'MULTI POINT F/INJ', 60, 70, 5, '4A', '2D HARDTOP', 'RWD', 2615),
(15400, 'HONDA', 'ACCORD', '40 VTi', 2005, 29990, '2.4', 'MULTI POINT F/INJ', 65, 118, 5, '5A', '4D SEDAN', 'FWD', 2740);

-- --------------------------------------------------------

--
-- Table structure for table `basesite_customer`
--

DROP TABLE IF EXISTS `basesite_customer`;
CREATE TABLE `basesite_customer` (
  `id` int(11) NOT NULL,
  `name` varchar(50) NOT NULL,
  `phone` varchar(12) NOT NULL,
  `address` varchar(100) NOT NULL,
  `birthday` date NOT NULL,
  `occupation` varchar(100) NOT NULL,
  `gender` varchar(1) NOT NULL
) ENGINE=InnoDB DEFAULT CHARSET=latin1;

--
-- Dumping data for table `basesite_customer`
--

INSERT INTO `basesite_customer` (`id`, `name`, `phone`, `address`, `birthday`, `occupation`, `gender`) VALUES
(11010, 'Jacquelyn S', '543535016', '800 Corrinne Court', '1968-02-16', 'Labour', 'M'),
(11011, 'Curtis L', '543535011', '224 Shoenic', '1967-11-14', 'Labour', 'M'),
(11012, 'Lauren W', '717535016', '785 Scott Street', '1972-01-07', 'Labour', 'F'),
(11013, 'Ian J', '817535018', '902 Hudson Ave.', '1972-08-16', 'Labour', 'M'),
(11014, 'Sydney B', '431535015', '7011 Tank Drive', '1972-05-08', 'Labour', 'M'),
(11015, 'Chloe Y', '208535014', '44 Willow Pass Road', '1983-02-27', 'Labour', 'F'),
(11016, 'Wyatt H', '135535017', '666 Northridge Ct.', '1983-04-07', 'Labour', 'M'),
(11017, 'Shannon W', '543535019', '330 Saddlehill Lane', '1948-06-26', 'Labour', 'M'),
(11018, 'Clarence R', '543535013', '44 Rivewview', '1948-10-19', 'Labour', 'F'),
(11019, 'Luke L', '262535011', '832 Landing Dr', '1982-03-17', 'Labour', 'M'),
(11050, 'Alan Z', '543535013', '741 Gainborough Dr.', '1955-09-17', 'Labour', 'F'),
(11051, 'Daniel J', '543535015', '85 Sunnyvale Avenue', '1955-08-14', 'Labour', 'F'),
(11052, 'Heidi L', '543535016', '514 Via Cordona', '1955-08-17', 'Labour', 'F'),
(11053, 'Ana P', '859535011', '660 Stonyhill Circle', '1984-08-20', 'Labour', 'M'),
(11054, 'Deanna M', '543535019', '825 B Way', '1956-03-20', 'Labour', 'M'),
(11055, 'Gilbert R', '543535012', '811 The Trees Dr.', '1956-03-15', 'Labour', 'F'),
(11056, 'Michele N', '543535017', '464 Janin Pl.', '1957-04-13', 'Labour', 'M'),
(11057, 'Carl A', '543535018', '930 Lake Nadine Place', '1957-10-22', 'Labour', 'F'),
(11058, 'Marc D', '543535014', '645 Sinaloa', '1958-04-27', 'Labour', 'F'),
(11059, 'Ashlee A', '543535011', '255 Highland Road', '1958-04-11', 'Labour', 'F'),
(11111, 'Meredith G', '543535017', '610 Northridge Ct.', '1966-02-23', 'Labour', 'M'),
(11112, 'Crystal W', '543535013', '773 Kirkwood Dr', '1966-09-19', 'Labour', 'F'),
(11113, 'Micheal B', '543535013', '96 Marfargoa Drive', '1966-02-21', 'Labour', 'M'),
(11114, 'Leslie M', '543535011', '941 Cristobal', '1966-05-07', 'Labour', 'M'),
(11115, 'Alvin C', '543535019', '759 Azalea Avenue', '1966-02-22', 'Labour', 'M'),
(11116, 'Clinton C', '543535018', '943 Cunha Ct.', '1966-10-17', 'Labour', 'M'),
(11117, 'April D', '543535018', '85 Ash Lane', '1965-02-21', 'Labour', 'F'),
(11119, 'Evan J', '543535018', '157 Sierra Ridge', '1939-04-20', 'Retiree', 'F'),
(11150, 'Russell S', '543535019', '755 Easley Drive', '1945-03-25', 'Retiree', 'F'),
(11151, 'Melinda G', '543535011', '05 Rainier Dr.', '1946-02-25', 'Labour', 'F'),
(11152, 'James W', '355535015', '827 Seagull Court', '1980-01-20', 'Labour', 'F'),
(11153, 'Angela J', '847535011', '877 Weatherly Drive', '1980-06-23', 'Labour', 'F'),
(11154, 'Megan W', '918535018', '898 Holiday Hills', '1980-08-21', 'Labour', 'F'),
(11155, 'Hunter R', '891535012', '356 Mori Court', '1980-01-26', 'Labour', 'F'),
(11156, 'Maria R', '158535019', '452 Mariposa Ct.', '1980-02-17', 'Labour', 'M'),
(11157, 'Hannah L', '974535017', '832 Preston Ct.', '1979-06-21', 'Labour', 'M'),
(11158, 'Jason W', '694535017', '771 Bundros Court', '1979-10-18', 'Labour', 'F'),
(11159, 'Brianna H', '319535018', '793 Bonifacio St.', '1979-09-27', 'Labour', 'F'),
(11210, 'Edward W', '229535011', '039 Adelaide St.', '1952-06-18', 'Researcher', 'M'),
(11213, 'Stephanie M', '293535015', '514 Grant Street', '1953-05-24', 'Researcher', 'M'),
(11214, 'Charles M', '389535011', '719 Little Dr', '1953-11-17', 'Researcher', 'F'),
(11215, 'Ana P', '446535013', '114 Arlington Way', '1954-06-21', 'Researcher', 'M'),
(11216, 'Jasmine T', '939535013', '328 San Francisco', '1954-05-20', 'Researcher', 'F'),
(11217, 'Natalie A', '300535015', '592 Bent Tree Lane', '1954-02-21', 'Researcher', 'F'),
(11218, 'Olivia B', '414535014', '964 Stony Hill Circle', '1954-09-21', 'Researcher', 'M'),
(11219, 'Charles C', '755535011', '871 Bel Air Dr.', '1954-12-12', 'Researcher', 'F'),
(11250, 'Shannon L', '543535011', '185 Keywood Ct.', '1959-03-22', 'Manager', 'F'),
(11251, 'Xavier L', '243535011', '245 Dantley Way', '1936-07-14', 'Retiree', 'M'),
(11252, 'Nicholas T', '377535014', '04 O St.', '1936-06-17', 'Retiree', 'M'),
(11253, 'José H', '712535013', '703 Donald Dr.', '1937-02-07', 'Retiree', 'M'),
(11254, 'Johnathan V', '494535016', '430 Versailles Pl', '1937-03-13', 'Retiree', 'M'),
(11255, 'Colin L', '599535013', '083 San Jose', '1937-04-14', 'Retiree', 'F'),
(11256, 'Katelyn H', '249535011', '496 Deerfield Dr.', '1937-09-20', 'Retiree', 'M'),
(11257, 'Jacqueline P', '796535011', '076 Northwood Dr', '1937-01-16', 'Retiree', 'F'),
(11258, 'Xavier H', '559535014', '707 Virgil Street', '1937-06-07', 'Retiree', 'F'),
(11259, 'Victoria S', '230535013', '623 Barquentine Court', '1969-03-27', 'Manager', 'M'),
(11310, 'Erin S', '233535016', '541 Black Point Pl', '1957-07-19', 'Manager', 'M'),
(11311, 'Gabrielle L', '783535017', '619 Parkside Dr.', '1957-08-24', 'Manager', 'F'),
(11312, 'Sara R', '296535017', '375 Kipling Court', '1957-04-13', 'Manager', 'M'),
(11313, 'Trevor J', '120535012', '697 Yosemite Dr.', '1957-02-27', 'Manager', 'F'),
(11314, 'Mya F', '522535014', '439 Rio Grande Drive', '1957-12-21', 'Manager', 'F'),
(11315, 'Hailey W', '767535015', '321 Maya', '1957-10-11', 'Manager', 'F'),
(11316, 'Luke A', '786535013', '19 Deermeadow Way', '1957-11-27', 'Manager', 'F'),
(11317, 'Victoria R', '663535019', '268 Keller Ridge', '1956-09-27', 'Manager', 'M'),
(11318, 'Jessica W', '702535018', '652 Willcrest Circle', '1956-10-26', 'Manager', 'M'),
(11319, 'Jade B', '819535016', '119 Northridge Ct', '1941-04-27', 'Retiree', 'F'),
(11350, 'Cara Z', '543535011', '280 Greendell Pl', '1941-01-24', 'Retiree', 'M'),
(11351, 'Anne R', '543535014', '113 Eastgate Ave.', '1943-04-16', 'Retiree', 'M'),
(11352, 'Raymond R', '543535013', '4, impasse Ste-Madeleine', '1944-03-17', 'Retiree', 'F'),
(11353, 'Carrie O', '543535011', '883 Cowell Rd.', '1945-06-21', 'Retiree', 'M'),
(11354, 'Deanna S', '543535014', 'unckerstr 22525', '1946-02-23', 'Manager', 'M'),
(11355, 'Roberto G', '543535012', '545 Chickpea Ct.', '1946-12-07', 'Manager', 'M'),
(11356, 'Terrence C', '543535018', '613 Thornhill Place', '1984-05-27', 'Manager', 'F'),
(11357, 'Ramon Y', '543535014', '245 Vista Oak Dr.', '1983-03-23', 'Manager', 'M'),
(11358, 'Cynthia M', '543535018', '757 Pamplona Ct.', '1982-11-21', 'Manager', 'F'),
(11359, 'Jarrod P', '543535015', '657 H St.', '1982-09-14', 'Manager', 'M'),
(11410, 'Maurice G', '543535017', '5, avenue de la Gare', '1972-08-25', 'Manager', 'M'),
(11411, 'Devin R', '543535017', 'ostenweg 2428', '1958-02-22', 'Manager', 'M'),
(11412, 'Sydney B', '543535015', 'ostfach 99 92 92', '1958-04-19', 'Manager', 'M'),
(11413, 'Megan S', '543535011', '192 Seagull Court', '1958-04-25', 'Manager', 'F'),
(11414, 'Ian R', '543535011', '26 W. Buchanan Rd.', '1958-03-07', 'Manager', 'M'),
(11415, 'Randy S', '543535014', 'o?str 5538', '1948-06-15', 'Manager', 'M'),
(11416, 'Katrina B', '543535015', '205, rue Malar', '1949-03-29', 'Manager', 'F'),
(11417, 'Lacey Z', '543535017', ', rue de Linois', '1949-02-26', 'Manager', 'F'),
(11418, 'Rafael H', '543535015', 'eiter Weg 7765', '1949-02-19', 'Manager', 'M'),
(11419, 'Kyle S', '543535017', '381 Alpine Rd.', '1949-02-07', 'Manager', 'M'),
(11459, 'Tasha D', '543535017', '627 Kendall Rd', '1976-10-23', 'Nurse', 'M'),
(11510, 'Seth R', '199535014', '989 Concord Ave', '1957-07-23', 'Nurse', 'M'),
(11511, 'Caleb P', '786535013', '324 Cherry Street', '1957-06-24', 'Nurse', 'F'),
(11512, 'Natalie C', '178535014', '481 Broadmoor Drive', '1958-08-23', 'Nurse', 'M'),
(11513, 'Alyssa H', '805535018', '780 Conifer Terrace', '1958-09-27', 'Nurse', 'M'),
(11514, 'Dalton D', '994535015', '033 Danesta Dr.', '1958-04-20', 'Nurse', 'F'),
(11515, 'Shannon H', '458535011', '679 Duke Way', '1958-02-25', 'Nurse', 'F'),
(11516, 'Mya G', '211535011', '826 Fine Drive', '1958-10-21', 'Nurse', 'F'),
(11517, 'Katherine B', '802535013', '761 Dancing Court', '1958-06-20', 'Nurse', 'F'),
(11518, 'Edward W', '446535017', '747 Carmel Dr.', '1959-05-20', 'Nurse', 'F'),
(11519, 'Jerome N', '934535019', '537 Ridgewood Drive', '1959-03-27', 'Nurse', 'M'),
(11535, 'Alexandria H', '543535018', '1, rue de la Cavalerie', '1930-07-18', 'Retiree', 'M'),
(11550, 'Deb T', '543535012', '553 Harness Circle', '1972-08-18', 'Nurse', 'M'),
(11551, 'Shannon A', '543535015', '68, avenue de l?Europe', '1971-05-25', 'Nurse', 'F'),
(11552, 'Eddie R', '543535015', 'eiderplatz 662', '1971-05-27', 'Nurse', 'M'),
(11553, 'Sharon L', '543535011', '804 Coldwater Drive', '1971-09-19', 'Nurse', 'F'),
(11554, 'Sydney S', '543535019', '8, avenue de l? Union Centrale', '1930-09-07', 'Retiree', 'F'),
(11556, 'Lucas E', '543535015', '663 A St.', '1971-05-24', 'Nurse', 'M'),
(11557, 'Felicia R', '543535019', '557 Steven Circle', '1971-01-25', 'Nurse', 'M'),
(11558, 'Ivan M', '543535019', '086 Nottingham Place', '1971-08-22', 'Nurse', 'M'),
(11559, 'Frederick S', '543535011', 'otth?user Weg 636', '1971-12-26', 'Nurse', 'M');

-- --------------------------------------------------------

--
-- Table structure for table `basesite_order`
--

DROP TABLE IF EXISTS `basesite_order`;
CREATE TABLE `basesite_order` (
  `id` int(11) NOT NULL,
  `date` date NOT NULL,
  `pickup_date` date NOT NULL,
  `return_date` date NOT NULL,
  `carID_id` int(11) NOT NULL,
  `customerID_id` int(11) NOT NULL,
  `pickup_store_id` int(11) NOT NULL,
  `return_store_id` int(11) NOT NULL,
  `unavailable` tinyint(1) NOT NULL
) ENGINE=InnoDB DEFAULT CHARSET=latin1;

--
-- Dumping data for table `basesite_order`
--

INSERT INTO `basesite_order` (`id`, `date`, `pickup_date`, `return_date`, `carID_id`, `customerID_id`, `pickup_store_id`, `return_store_id`, `unavailable`) VALUES
(3, '2005-07-03', '2005-07-03', '2005-07-11', 14806, 11014, 3, 16, 0),
(4, '2005-07-04', '2005-07-04', '2005-07-09', 14816, 11012, 12, 8, 0),
(5, '2005-07-05', '2005-07-05', '2005-07-10', 14810, 11011, 5, 5, 0),
(6, '2005-07-06', '2005-07-09', '2005-07-15', 14812, 11011, 6, 25, 0),
(7, '2005-07-07', '2005-07-07', '2005-07-15', 14814, 11014, 7, 14, 0),
(8, '2005-07-08', '2005-07-09', '2005-07-16', 14816, 11016, 8, 29, 0),
(9, '2005-07-09', '2005-07-09', '2005-07-18', 14818, 11014, 9, 18, 0),
(11, '2005-07-11', '2005-07-11', '2005-07-16', 14811, 11059, 11, 13, 0),
(12, '2005-07-12', '2005-07-15', '2005-08-13', 14812, 11017, 25, 25, 0),
(14, '2005-07-14', '2005-07-15', '2005-07-19', 14814, 11055, 14, 14, 0),
(15, '2005-07-15', '2005-07-15', '2005-07-24', 14815, 11056, 15, 15, 0),
(16, '2005-07-16', '2005-07-16', '2005-08-17', 14816, 11052, 29, 29, 0),
(18, '2005-07-18', '2005-07-18', '2005-07-23', 14818, 11055, 18, 18, 0),
(19, '2005-07-19', '2005-07-20', '2005-08-10', 14819, 11017, 14, 14, 0),
(20, '2005-07-20', '2005-07-23', '2005-08-04', 14835, 11052, 15, 35, 0),
(22, '2005-07-22', '2005-07-22', '2005-08-08', 14839, 11018, 17, 39, 0),
(23, '2005-07-23', '2005-07-23', '2005-08-07', 14838, 11015, 15, 25, 0),
(24, '2005-07-24', '2005-07-27', '2005-08-12', 14843, 11018, 19, 19, 0),
(25, '2005-07-25', '2005-07-25', '2005-08-14', 14850, 11016, 25, 5, 0),
(26, '2005-07-26', '2005-07-29', '2005-08-14', 14847, 11018, 21, 21, 0),
(27, '2005-07-27', '2005-07-27', '2005-08-12', 14846, 11051, 19, 3, 0),
(29, '2005-07-29', '2005-07-29', '2005-08-18', 14858, 11016, 29, 9, 0),
(30, '2005-07-30', '2005-07-30', '2005-08-20', 14860, 11016, 30, 10, 0),
(31, '2005-07-31', '2005-07-31', '2005-08-24', 14831, 11012, 21, 24, 0),
(32, '2005-08-01', '2005-08-04', '2005-08-06', 14832, 11015, 21, 21, 0),
(33, '2005-08-02', '2005-08-02', '2005-08-07', 14833, 11019, 33, 15, 0),
(34, '2005-08-03', '2005-08-03', '2005-08-24', 14834, 11057, 21, 21, 0),
(35, '2005-08-04', '2005-08-04', '2005-08-13', 14835, 11056, 35, 35, 0),
(36, '2005-08-05', '2005-08-05', '2005-08-26', 14836, 11057, 23, 23, 0),
(37, '2005-08-06', '2005-08-06', '2005-08-15', 14837, 11013, 37, 37, 0),
(38, '2005-08-07', '2005-08-07', '2005-08-28', 14838, 11012, 25, 25, 0),
(39, '2005-08-08', '2005-08-08', '2005-08-16', 14839, 11014, 39, 9, 0),
(40, '2005-08-09', '2005-08-10', '2005-09-21', 14880, 11013, 40, 15, 0),
(41, '2005-08-10', '2005-08-10', '2005-08-19', 14842, 11016, 1, 1, 0),
(42, '2005-08-11', '2005-08-14', '2005-08-16', 14855, 11015, 13, 13, 0),
(43, '2005-08-12', '2005-08-12', '2005-08-17', 14846, 11059, 3, 10, 0),
(44, '2005-08-13', '2005-08-16', '2005-08-28', 14859, 11051, 15, 19, 0),
(45, '2005-08-14', '2005-08-14', '2005-08-23', 14850, 11053, 5, 5, 0),
(46, '2005-08-15', '2005-08-15', '2005-09-01', 14863, 11051, 17, 23, 0),
(47, '2005-08-16', '2005-08-16', '2005-08-24', 14854, 11053, 7, 14, 0),
(48, '2005-08-17', '2005-08-18', '2005-09-08', 14870, 11017, 22, 30, 0),
(49, '2005-08-18', '2005-08-18', '2005-08-27', 14858, 11053, 9, 18, 0),
(50, '2005-08-19', '2005-08-20', '2005-08-29', 14860, 11050, 10, 11, 0),
(51, '2005-08-20', '2005-08-21', '2005-08-25', 14851, 11015, 22, 22, 0),
(52, '2005-08-21', '2005-08-21', '2005-09-07', 14852, 11015, 23, 16, 0),
(53, '2005-08-22', '2005-08-22', '2005-09-10', 14853, 11018, 9, 9, 0),
(54, '2005-08-23', '2005-08-24', '2005-09-12', 14854, 11053, 14, 14, 0),
(55, '2005-08-24', '2005-08-24', '2005-09-15', 14831, 11012, 24, 24, 0),
(56, '2005-08-25', '2005-08-26', '2005-09-10', 14856, 11019, 16, 14, 0),
(57, '2005-08-26', '2005-08-26', '2005-09-14', 14857, 11018, 13, 13, 0),
(58, '2005-08-27', '2005-08-27', '2005-09-12', 14858, 11011, 18, 18, 0),
(59, '2005-08-28', '2005-08-28', '2005-09-13', 14859, 11019, 19, 9, 0),
(60, '2005-08-29', '2005-08-29', '2005-09-10', 14860, 11012, 11, 11, 0),
(61, '2005-08-30', '2005-08-30', '2005-09-18', 14861, 11054, 17, 21, 0),
(63, '2005-09-01', '2005-09-01', '2005-09-10', 14863, 11053, 23, 23, 0),
(64, '2005-09-02', '2005-09-02', '2005-09-23', 14864, 11052, 17, 17, 0),
(65, '2005-09-03', '2005-09-03', '2005-09-11', 14865, 11054, 18, 25, 0),
(66, '2005-09-04', '2005-09-05', '2005-09-13', 14866, 11056, 26, 26, 0),
(67, '2005-09-05', '2005-09-05', '2005-09-10', 14867, 11011, 27, 27, 0),
(68, '2005-09-06', '2005-09-07', '2005-09-07', 14852, 11057, 16, 17, 0),
(69, '2005-09-07', '2005-09-07', '2005-09-28', 14852, 11057, 17, 17, 0),
(70, '2005-09-08', '2005-09-08', '2005-09-13', 14870, 11055, 30, 30, 0),
(71, '2005-09-09', '2005-09-09', '2005-09-14', 14871, 11011, 31, 31, 0),
(72, '2005-09-10', '2005-09-11', '2005-10-01', 14872, 11010, 32, 21, 0),
(73, '2005-09-11', '2005-09-11', '2005-09-16', 14873, 11015, 23, 23, 0),
(74, '2005-09-12', '2005-09-15', '2005-09-17', 14874, 11015, 24, 24, 0),
(75, '2005-09-13', '2005-09-14', '2005-10-14', 14875, 11017, 28, 28, 0),
(76, '2005-09-14', '2005-09-15', '2005-09-19', 14876, 11015, 26, 26, 0),
(77, '2005-09-15', '2005-09-15', '2005-09-24', 14877, 11013, 37, 37, 0),
(78, '2005-09-16', '2005-09-17', '2005-09-24', 14878, 11014, 38, 13, 0),
(79, '2005-09-17', '2005-09-17', '2005-09-25', 14879, 11014, 39, 14, 0),
(80, '2005-09-18', '2005-09-21', '2005-10-19', 14880, 11017, 15, 15, 0),
(81, '2005-09-19', '2005-09-19', '2005-09-24', 14881, 11051, 13, 13, 0),
(82, '2005-09-20', '2005-09-20', '2005-10-11', 14882, 11057, 12, 12, 0),
(83, '2005-09-21', '2005-09-21', '2005-09-26', 14883, 11055, 3, 3, 0),
(84, '2005-09-22', '2005-09-23', '2005-10-10', 14884, 11010, 4, 4, 0),
(85, '2005-09-23', '2005-09-24', '2005-10-14', 14885, 11052, 20, 20, 0),
(87, '2005-09-25', '2005-09-25', '2005-10-13', 14887, 11058, 7, 7, 0),
(88, '2005-09-26', '2005-09-26', '2005-10-17', 14888, 11052, 23, 23, 0),
(89, '2005-09-27', '2005-09-27', '2005-10-12', 14889, 11051, 21, 21, 0),
(90, '2005-09-28', '2005-09-29', '2005-10-19', 14890, 11057, 20, 20, 0),
(91, '2005-09-29', '2005-09-29', '2005-10-17', 14891, 11014, 11, 10, 0),
(93, '2005-10-01', '2005-10-01', '2005-10-07', 14872, 11012, 21, 26, 0),
(95, '2005-10-03', '2005-10-03', '2005-10-08', 14895, 11015, 25, 25, 0),
(96, '2005-10-04', '2005-10-05', '2005-10-09', 14896, 11051, 26, 26, 0),
(97, '2005-10-05', '2005-10-05', '2005-10-13', 14897, 11014, 17, 14, 0),
(98, '2005-10-06', '2005-10-07', '2005-10-27', 14872, 11012, 26, 26, 0),
(99, '2005-10-07', '2005-10-08', '2005-10-28', 14899, 11017, 14, 14, 0),
(100, '2005-10-08', '2005-10-09', '2005-10-17', 14900, 11016, 20, 20, 0),
(101, '2005-10-09', '2005-10-09', '2005-10-18', 14901, 11113, 21, 21, 0),
(102, '2005-10-10', '2005-10-10', '2005-10-18', 14902, 11114, 17, 22, 0),
(103, '2005-10-11', '2005-10-11', '2005-10-22', 14903, 11114, 18, 10, 0),
(104, '2005-10-12', '2005-10-15', '2005-10-21', 14904, 11116, 24, 24, 0),
(105, '2005-10-13', '2005-10-13', '2005-10-18', 14905, 11115, 25, 25, 0),
(106, '2005-10-14', '2005-10-14', '2005-10-25', 14906, 11112, 21, 10, 0),
(107, '2005-10-15', '2005-10-15', '2005-10-24', 14907, 11113, 27, 27, 0),
(108, '2005-10-16', '2005-10-17', '2005-10-21', 14908, 11111, 20, 20, 0),
(109, '2005-10-17', '2005-10-17', '2005-10-22', 14909, 11119, 29, 15, 0),
(110, '2005-10-18', '2005-10-21', '2005-11-19', 14910, 11112, 25, 25, 0),
(111, '2005-10-19', '2005-10-19', '2005-11-10', 14911, 11117, 21, 21, 0),
(112, '2005-10-20', '2005-10-21', '2005-10-25', 14912, 11119, 32, 10, 0),
(113, '2005-10-21', '2005-10-22', '2005-10-26', 14903, 11114, 10, 14, 0),
(114, '2005-10-22', '2005-10-23', '2005-10-27', 14914, 11111, 26, 26, 0),
(115, '2005-10-23', '2005-10-23', '2005-10-28', 14915, 11115, 35, 35, 0),
(116, '2005-10-24', '2005-10-25', '2005-11-08', 14906, 11111, 10, 25, 0),
(117, '2005-10-25', '2005-10-26', '2005-10-26', 14903, 11114, 14, 15, 0),
(118, '2005-10-26', '2005-10-26', '2005-10-28', 14903, 11112, 15, 16, 0),
(119, '2005-10-27', '2005-10-28', '2005-11-15', 14903, 11114, 16, 39, 0),
(120, '2005-10-28', '2005-10-28', '2005-11-10', 14920, 11117, 12, 13, 0),
(121, '2005-10-29', '2005-10-29', '2005-11-17', 14921, 11114, 18, 1, 0),
(122, '2005-10-30', '2005-10-30', '2005-11-18', 14922, 11158, 2, 2, 0),
(123, '2005-10-31', '2005-10-31', '2005-11-12', 14923, 11116, 3, 9, 0),
(124, '2005-11-01', '2005-11-01', '2005-11-12', 14924, 11111, 15, 10, 0),
(125, '2005-11-02', '2005-11-02', '2005-11-11', 14925, 11116, 5, 5, 0),
(126, '2005-11-03', '2005-11-04', '2005-11-24', 14926, 11112, 20, 20, 0),
(127, '2005-11-04', '2005-11-04', '2005-11-28', 14927, 11115, 7, 24, 0),
(128, '2005-11-05', '2005-11-06', '2005-11-13', 14928, 11158, 8, 8, 0),
(129, '2005-11-06', '2005-11-07', '2005-12-01', 14929, 11159, 20, 25, 0),
(130, '2005-11-07', '2005-11-07', '2005-11-15', 14930, 11114, 24, 10, 0),
(131, '2005-11-08', '2005-11-08', '2005-11-14', 14906, 11157, 25, 31, 0),
(132, '2005-11-09', '2005-11-12', '2005-11-15', 14923, 11156, 9, 15, 0),
(133, '2005-11-10', '2005-11-10', '2005-11-14', 14920, 11158, 13, 16, 0),
(134, '2005-11-11', '2005-11-12', '2005-11-12', 14924, 11114, 10, 11, 0),
(135, '2005-11-12', '2005-11-12', '2005-12-10', 14924, 11150, 11, 28, 0),
(136, '2005-11-13', '2005-11-14', '2005-11-16', 14920, 11119, 16, 19, 0),
(137, '2005-11-14', '2005-11-14', '2005-12-15', 14906, 11157, 31, 31, 0),
(138, '2005-11-15', '2005-11-15', '2005-11-24', 14923, 11156, 15, 15, 0),
(139, '2005-11-16', '2005-11-16', '2005-12-06', 14920, 11151, 19, 36, 0),
(140, '2005-11-17', '2005-11-18', '2005-11-22', 14940, 11155, 20, 20, 0),
(141, '2005-11-18', '2005-11-18', '2005-12-10', 14941, 11154, 21, 12, 0),
(142, '2005-11-19', '2005-11-19', '2005-12-10', 14942, 11152, 18, 18, 0),
(143, '2005-11-20', '2005-11-20', '2005-12-02', 14943, 11154, 23, 12, 0),
(144, '2005-11-21', '2005-11-24', '2005-12-06', 14944, 11153, 21, 14, 0),
(145, '2005-11-22', '2005-11-22', '2005-12-11', 14945, 11116, 25, 25, 0),
(146, '2005-11-23', '2005-11-24', '2005-11-28', 14946, 11155, 26, 26, 0),
(147, '2005-11-24', '2005-11-24', '2005-12-05', 14947, 11117, 18, 10, 0),
(148, '2005-11-25', '2005-11-26', '2005-12-10', 14948, 11119, 28, 11, 0),
(149, '2005-11-26', '2005-11-27', '2005-12-15', 14949, 11153, 26, 26, 0),
(150, '2005-11-27', '2005-11-27', '2005-12-15', 14950, 11154, 30, 30, 0),
(151, '2005-11-28', '2005-11-28', '2005-12-13', 14927, 11111, 24, 24, 0),
(152, '2005-11-29', '2005-11-29', '2005-12-10', 14924, 11157, 28, 28, 0),
(153, '2005-11-30', '2005-11-30', '2005-12-19', 14941, 11153, 12, 12, 0),
(154, '2005-12-01', '2005-12-01', '2005-12-06', 14929, 11111, 25, 25, 0),
(155, '2005-12-02', '2005-12-02', '2005-12-07', 14943, 11156, 12, 16, 0),
(156, '2005-12-03', '2005-12-06', '2005-12-08', 14920, 11155, 36, 36, 0),
(157, '2005-12-04', '2005-12-05', '2005-12-09', 14947, 11159, 10, 12, 0),
(158, '2005-12-05', '2005-12-06', '2005-12-08', 14944, 11157, 14, 17, 0),
(159, '2005-12-06', '2005-12-07', '2005-12-07', 14943, 11156, 16, 17, 0),
(160, '2005-12-07', '2005-12-07', '2005-12-11', 14943, 11153, 17, 20, 0),
(161, '2005-12-08', '2005-12-08', '2005-12-12', 14944, 11152, 17, 20, 0),
(162, '2005-12-09', '2005-12-10', '2006-01-03', 14967, 11154, 2, 26, 0),
(163, '2005-12-10', '2005-12-11', '2005-12-15', 14943, 11156, 20, 25, 0),
(164, '2005-12-11', '2005-12-12', '2005-12-18', 14944, 11150, 20, 27, 0),
(165, '2005-12-12', '2005-12-12', '2005-12-22', 14960, 11158, 5, 15, 0),
(166, '2005-12-13', '2005-12-13', '2005-12-19', 14961, 11154, 6, 9, 0),
(167, '2005-12-14', '2005-12-14', '2005-12-24', 14962, 11154, 7, 14, 0),
(168, '2005-12-15', '2005-12-15', '2005-12-24', 14943, 11156, 25, 25, 0),
(169, '2005-12-16', '2005-12-16', '2005-12-24', 14964, 11158, 9, 9, 0),
(170, '2005-12-17', '2005-12-20', '2005-12-19', 14961, 11156, 9, 11, 0),
(171, '2005-12-18', '2005-12-18', '2005-12-20', 14944, 11157, 27, 29, 0),
(172, '2005-12-19', '2005-12-19', '2006-01-11', 14961, 11156, 11, 22, 0),
(173, '2005-12-20', '2005-12-20', '2006-01-11', 14944, 11152, 29, 29, 0),
(174, '2005-12-21', '2005-12-22', '2006-01-01', 14969, 11158, 14, 25, 0),
(175, '2005-12-22', '2005-12-22', '2006-01-10', 14960, 11158, 15, 15, 0),
(176, '2005-12-23', '2005-12-24', '2005-12-24', 14962, 11157, 14, 15, 0),
(177, '2005-12-24', '2005-12-24', '2005-12-26', 14962, 11152, 15, 16, 0),
(178, '2005-12-25', '2005-12-26', '2005-12-26', 14962, 11152, 16, 17, 0),
(179, '2005-12-26', '2005-12-26', '2005-12-28', 14962, 11152, 17, 20, 0),
(180, '2005-12-27', '2005-12-28', '2006-01-10', 14962, 11155, 20, 20, 0),
(181, '2005-12-28', '2005-12-28', '2006-01-03', 14966, 11154, 21, 21, 0),
(182, '2005-12-29', '2005-12-29', '2006-01-15', 14962, 11157, 20, 38, 0),
(183, '2005-12-30', '2005-12-30', '2006-01-06', 14961, 11156, 22, 30, 0),
(184, '2005-12-31', '2005-12-31', '2006-01-16', 14965, 11159, 19, 15, 0),
(185, '2006-01-01', '2006-01-01', '2006-01-05', 14969, 11158, 25, 28, 0),
(186, '2006-01-02', '2006-01-03', '2006-01-06', 14967, 11151, 26, 22, 0),
(187, '2006-01-03', '2006-01-03', '2006-01-12', 14966, 11153, 21, 21, 0),
(188, '2006-01-04', '2006-01-05', '2006-01-09', 14969, 11151, 28, 28, 0),
(189, '2006-01-05', '2006-01-06', '2006-01-07', 14967, 11157, 22, 24, 0),
(190, '2006-01-06', '2006-01-06', '2006-01-11', 14961, 11151, 30, 30, 0),
(191, '2006-01-07', '2006-01-07', '2006-01-10', 14967, 11152, 24, 26, 0),
(193, '2006-01-09', '2006-01-10', '2006-01-12', 14967, 11157, 26, 28, 0),
(194, '2006-01-10', '2006-01-13', '2006-01-12', 14985, 11150, 9, 11, 0),
(195, '2006-01-11', '2006-01-12', '2006-02-12', 14967, 11152, 28, 28, 0),
(196, '2006-01-12', '2006-01-12', '2006-01-13', 14985, 11150, 11, 12, 0),
(197, '2006-01-13', '2006-01-13', '2006-01-21', 14985, 11150, 12, 12, 0),
(198, '2006-01-14', '2006-01-15', '2006-01-22', 14962, 11158, 38, 38, 0),
(199, '2006-01-15', '2006-01-15', '2006-01-24', 14984, 11156, 15, 15, 0),
(200, '2006-01-16', '2006-01-17', '2006-01-21', 15004, 11154, 40, 4, 0),
(201, '2006-01-17', '2006-01-17', '2006-02-03', 15001, 11250, 1, 18, 0),
(202, '2006-01-18', '2006-01-19', '2006-01-23', 15002, 11259, 2, 11, 0),
(203, '2006-01-19', '2006-01-19', '2006-02-11', 15003, 11258, 18, 12, 0),
(204, '2006-01-20', '2006-01-21', '2006-01-29', 15004, 11256, 4, 13, 0),
(205, '2006-01-21', '2006-01-21', '2006-01-27', 15005, 11251, 5, 11, 0),
(206, '2006-01-22', '2006-01-25', '2006-02-11', 15006, 11259, 6, 9, 0),
(207, '2006-01-23', '2006-01-23', '2006-02-12', 15007, 11253, 7, 7, 0),
(208, '2006-01-24', '2006-01-24', '2006-02-24', 15008, 11258, 23, 38, 0),
(209, '2006-01-25', '2006-01-25', '2006-02-02', 15009, 11253, 9, 16, 0),
(210, '2006-01-26', '2006-01-27', '2006-02-11', 15010, 11251, 10, 10, 0),
(211, '2006-01-27', '2006-01-27', '2006-02-11', 15005, 11254, 11, 14, 0),
(212, '2006-01-28', '2006-01-28', '2006-02-24', 15003, 11251, 12, 39, 0),
(213, '2006-01-29', '2006-01-29', '2006-02-14', 15004, 11259, 13, 14, 0),
(214, '2006-01-30', '2006-01-30', '2006-02-18', 15005, 11251, 14, 32, 0),
(215, '2006-01-31', '2006-01-31', '2006-02-20', 15006, 11255, 9, 28, 0),
(216, '2006-02-01', '2006-02-02', '2006-02-18', 15009, 11254, 16, 24, 0),
(217, '2006-02-02', '2006-02-02', '2006-02-10', 15000, 11250, 17, 17, 0),
(218, '2006-02-03', '2006-02-03', '2006-02-16', 15001, 11250, 18, 31, 0),
(220, '2006-02-05', '2006-02-06', '2006-02-10', 15020, 11251, 20, 20, 0),
(222, '2006-02-07', '2006-02-08', '2006-02-12', 15022, 11251, 22, 22, 0),
(223, '2006-02-08', '2006-02-08', '2006-02-17', 15023, 11253, 23, 23, 0),
(224, '2006-02-09', '2006-02-12', '2006-03-10', 15024, 11256, 24, 29, 0),
(225, '2006-02-10', '2006-02-10', '2006-02-18', 15025, 11258, 19, 19, 0),
(226, '2006-02-11', '2006-02-11', '2006-03-12', 15026, 11252, 15, 15, 0),
(227, '2006-02-12', '2006-02-12', '2006-02-21', 15027, 11256, 27, 27, 0),
(228, '2006-02-13', '2006-02-14', '2006-02-22', 15028, 11256, 28, 28, 0),
(229, '2006-02-14', '2006-02-14', '2006-02-19', 15029, 11259, 29, 11, 0),
(230, '2006-02-15', '2006-02-18', '2006-03-16', 15030, 11252, 19, 19, 0),
(231, '2006-02-16', '2006-02-16', '2006-02-21', 15001, 11251, 31, 31, 0),
(232, '2006-02-17', '2006-02-18', '2006-02-25', 15005, 11254, 32, 10, 0),
(233, '2006-02-18', '2006-02-18', '2006-02-20', 15009, 11255, 24, 35, 0),
(234, '2006-02-19', '2006-02-20', '2006-02-22', 15006, 11217, 28, 31, 0),
(235, '2006-02-20', '2006-02-20', '2006-02-28', 15009, 11256, 35, 35, 0),
(236, '2006-02-21', '2006-02-24', '2006-03-12', 15011, 11252, 25, 25, 0),
(237, '2006-02-22', '2006-02-22', '2006-03-13', 15006, 11217, 31, 31, 0),
(238, '2006-02-23', '2006-02-24', '2006-02-28', 15008, 11251, 38, 38, 0),
(239, '2006-02-24', '2006-02-24', '2006-03-13', 15003, 11256, 39, 39, 0),
(240, '2006-02-25', '2006-02-28', '2006-03-15', 15040, 11219, 13, 18, 0),
(241, '2006-02-26', '2006-02-27', '2006-03-12', 15041, 11219, 14, 15, 0),
(243, '2006-02-28', '2006-02-28', '2006-03-08', 15043, 11213, 20, 11, 0),
(244, '2006-03-01', '2006-03-02', '2006-04-05', 15044, 11218, 4, 39, 0),
(245, '2006-03-02', '2006-03-02', '2006-03-20', 15045, 11215, 5, 18, 0),
(246, '2006-03-03', '2006-03-04', '2006-03-28', 15046, 11217, 22, 30, 0),
(247, '2006-03-04', '2006-03-04', '2006-03-12', 15047, 11218, 7, 12, 0),
(248, '2006-03-05', '2006-03-05', '2006-03-20', 15048, 11216, 25, 22, 0),
(249, '2006-03-06', '2006-03-06', '2006-03-24', 15049, 11214, 9, 27, 0),
(250, '2006-03-07', '2006-03-07', '2006-03-12', 15050, 11219, 23, 11, 0),
(251, '2006-03-08', '2006-03-08', '2006-03-14', 15043, 11259, 11, 17, 0),
(252, '2006-03-09', '2006-03-12', '2006-03-13', 15047, 11254, 12, 9, 0),
(253, '2006-03-10', '2006-03-10', '2006-04-11', 15024, 11257, 29, 29, 0),
(254, '2006-03-11', '2006-03-14', '2006-03-18', 15042, 11210, 12, 20, 0),
(255, '2006-03-12', '2006-03-12', '2006-03-16', 15041, 11256, 15, 19, 0),
(256, '2006-03-13', '2006-03-13', '2006-03-19', 15047, 11252, 9, 14, 0),
(257, '2006-03-14', '2006-03-14', '2006-03-23', 15043, 11256, 17, 17, 0),
(258, '2006-03-15', '2006-03-15', '2006-03-24', 15040, 11251, 18, 24, 0),
(259, '2006-03-16', '2006-03-16', '2006-03-24', 15041, 11259, 19, 26, 0),
(260, '2006-03-17', '2006-03-18', '2006-04-10', 15042, 11259, 20, 31, 0),
(261, '2006-03-18', '2006-03-19', '2006-04-10', 15047, 11252, 14, 32, 0),
(262, '2006-03-19', '2006-03-20', '2006-04-03', 15048, 11253, 22, 37, 0),
(263, '2006-03-20', '2006-03-20', '2006-03-23', 15045, 11255, 18, 20, 0),
(264, '2006-03-21', '2006-03-24', '2006-03-26', 15040, 11256, 24, 28, 0),
(265, '2006-03-22', '2006-03-23', '2006-03-26', 15045, 11255, 20, 24, 0),
(266, '2006-03-23', '2006-03-24', '2006-04-11', 15041, 11250, 26, 26, 0),
(267, '2006-03-24', '2006-03-24', '2006-03-29', 15049, 11251, 27, 27, 0),
(268, '2006-03-25', '2006-03-26', '2006-04-01', 15040, 11259, 28, 35, 0),
(269, '2006-03-26', '2006-03-26', '2006-04-11', 15045, 11255, 24, 24, 0),
(270, '2006-03-27', '2006-03-27', '2006-03-28', 15046, 11253, 30, 31, 0),
(271, '2006-03-28', '2006-03-28', '2006-04-12', 15046, 11254, 31, 34, 0),
(272, '2006-03-29', '2006-03-29', '2006-04-05', 15047, 11254, 32, 36, 0),
(273, '2006-03-30', '2006-03-30', '2006-04-11', 15042, 11257, 31, 31, 0),
(274, '2006-03-31', '2006-03-31', '2006-04-16', 15046, 11251, 34, 34, 0),
(275, '2006-04-01', '2006-04-01', '2006-04-10', 15040, 11256, 35, 35, 0),
(276, '2006-04-02', '2006-04-05', '2006-04-07', 15047, 11259, 36, 15, 0),
(277, '2006-04-03', '2006-04-03', '2006-04-08', 15048, 11259, 37, 8, 0),
(278, '2006-04-04', '2006-04-04', '2006-04-15', 15066, 11255, 12, 22, 0),
(279, '2006-04-05', '2006-04-05', '2006-04-14', 15044, 11256, 39, 39, 0),
(280, '2006-04-06', '2006-04-06', '2006-04-13', 15063, 11257, 17, 24, 0),
(281, '2006-04-07', '2006-04-07', '2006-05-13', 15082, 11251, 1, 37, 0),
(282, '2006-04-08', '2006-04-09', '2006-04-17', 15087, 11256, 2, 2, 0),
(283, '2006-04-09', '2006-04-09', '2006-04-11', 15068, 11252, 15, 17, 0),
(284, '2006-04-10', '2006-04-11', '2006-04-19', 15088, 11254, 4, 13, 0),
(285, '2006-04-11', '2006-04-11', '2006-05-12', 15068, 11252, 17, 17, 0),
(286, '2006-04-12', '2006-04-12', '2006-04-19', 15081, 11256, 6, 9, 0),
(287, '2006-04-13', '2006-04-13', '2006-04-16', 15063, 11258, 24, 26, 0),
(288, '2006-04-14', '2006-04-15', '2006-04-19', 15066, 11255, 22, 22, 0),
(289, '2006-04-15', '2006-04-16', '2006-04-23', 15063, 11258, 26, 31, 0),
(290, '2006-04-16', '2006-04-19', '2006-04-24', 15081, 11258, 9, 17, 0),
(291, '2006-04-17', '2006-04-17', '2006-05-07', 15085, 11250, 11, 31, 0),
(292, '2006-04-18', '2006-04-18', '2006-05-15', 15083, 11251, 12, 39, 0),
(293, '2006-04-19', '2006-04-19', '2006-04-23', 15088, 11256, 13, 17, 0),
(294, '2006-04-20', '2006-04-23', '2006-05-11', 15063, 11257, 31, 31, 0),
(295, '2006-04-21', '2006-04-21', '2006-04-26', 15084, 11255, 11, 11, 0),
(296, '2006-04-22', '2006-04-23', '2006-04-25', 15080, 11254, 16, 19, 0),
(297, '2006-04-23', '2006-04-23', '2006-04-28', 15088, 11259, 17, 12, 0),
(298, '2006-04-24', '2006-04-24', '2006-05-15', 15081, 11257, 17, 17, 0),
(299, '2006-04-25', '2006-04-25', '2006-05-10', 15080, 11259, 19, 14, 0),
(300, '2006-04-26', '2006-04-27', '2006-05-15', 15100, 11253, 20, 20, 0),
(301, '2006-04-27', '2006-04-27', '2006-05-08', 15101, 11355, 21, 11, 0),
(302, '2006-04-28', '2006-04-29', '2006-05-13', 15102, 11359, 22, 10, 0),
(303, '2006-04-29', '2006-04-29', '2006-05-14', 15103, 11351, 19, 19, 0),
(304, '2006-04-30', '2006-04-30', '2006-05-12', 15104, 11350, 24, 12, 0),
(305, '2006-05-01', '2006-05-01', '2006-05-10', 15105, 11353, 25, 25, 0),
(306, '2006-05-02', '2006-05-02', '2006-05-14', 15106, 11354, 23, 12, 0),
(307, '2006-05-03', '2006-05-03', '2006-05-08', 15107, 11355, 27, 27, 0),
(308, '2006-05-04', '2006-05-04', '2006-05-25', 15108, 11352, 25, 25, 0),
(309, '2006-05-05', '2006-05-05', '2006-05-14', 15109, 11353, 29, 29, 0),
(310, '2006-05-06', '2006-05-06', '2006-05-11', 15110, 11351, 24, 24, 0),
(311, '2006-05-07', '2006-05-07', '2006-05-11', 15085, 11350, 31, 34, 0),
(312, '2006-05-08', '2006-05-08', '2006-05-09', 15101, 11354, 11, 12, 0),
(313, '2006-05-09', '2006-05-09', '2006-05-17', 15101, 11354, 12, 33, 0),
(314, '2006-05-10', '2006-05-11', '2006-05-15', 15085, 11359, 34, 12, 0),
(315, '2006-05-11', '2006-05-11', '2006-05-19', 15089, 11350, 35, 35, 0),
(316, '2006-05-12', '2006-05-12', '2006-05-17', 15104, 11351, 12, 12, 0),
(317, '2006-05-13', '2006-05-13', '2006-05-22', 15082, 11353, 37, 37, 0),
(318, '2006-05-14', '2006-05-14', '2006-05-27', 15106, 11357, 12, 25, 0),
(319, '2006-05-15', '2006-05-15', '2006-05-23', 15083, 11350, 39, 39, 0),
(320, '2006-05-16', '2006-05-17', '2006-05-21', 15124, 11350, 40, 4, 0),
(321, '2006-05-17', '2006-05-17', '2006-05-25', 15121, 11350, 1, 1, 0),
(322, '2006-05-18', '2006-05-18', '2006-06-24', 15122, 11354, 21, 38, 0),
(323, '2006-05-19', '2006-05-19', '2006-06-18', 15123, 11356, 3, 33, 0),
(324, '2006-05-20', '2006-05-21', '2006-06-20', 15124, 11353, 4, 34, 0),
(325, '2006-05-21', '2006-05-21', '2006-05-29', 15125, 11358, 5, 5, 0),
(326, '2006-05-22', '2006-05-25', '2006-06-13', 15126, 11352, 25, 25, 0),
(327, '2006-05-23', '2006-05-23', '2006-06-03', 15127, 11357, 21, 10, 0),
(328, '2006-05-24', '2006-05-25', '2006-06-11', 15128, 11358, 8, 14, 0),
(329, '2006-05-25', '2006-05-25', '2006-06-02', 15129, 11357, 23, 16, 0),
(330, '2006-05-26', '2006-05-26', '2006-06-17', 15130, 11352, 29, 29, 0),
(331, '2006-05-27', '2006-05-27', '2006-05-29', 15106, 11312, 25, 26, 0),
(332, '2006-05-28', '2006-05-29', '2006-06-19', 15106, 11312, 26, 26, 0),
(333, '2006-05-29', '2006-05-29', '2006-06-12', 15119, 11318, 14, 16, 0),
(334, '2006-05-30', '2006-05-30', '2006-06-18', 15128, 11350, 14, 14, 0),
(335, '2006-05-31', '2006-05-31', '2006-06-12', 15119, 11317, 16, 16, 0),
(336, '2006-06-01', '2006-06-02', '2006-06-04', 15129, 11314, 16, 19, 0),
(337, '2006-06-02', '2006-06-03', '2006-06-03', 15127, 11312, 10, 11, 0),
(338, '2006-06-03', '2006-06-03', '2006-06-22', 15127, 11312, 11, 37, 0),
(339, '2006-06-04', '2006-06-04', '2006-06-20', 15129, 11319, 19, 35, 0),
(340, '2006-06-05', '2006-06-05', '2006-06-16', 15140, 11351, 15, 11, 0),
(342, '2006-06-07', '2006-06-08', '2006-07-06', 15142, 11314, 22, 28, 0),
(343, '2006-06-08', '2006-06-08', '2006-06-13', 15143, 11311, 23, 23, 0),
(344, '2006-06-09', '2006-06-12', '2006-06-18', 15144, 11316, 24, 24, 0),
(346, '2006-06-11', '2006-06-12', '2006-06-16', 15146, 11311, 26, 26, 0),
(347, '2006-06-12', '2006-06-13', '2006-07-13', 15147, 11312, 20, 20, 0),
(348, '2006-06-13', '2006-06-14', '2006-07-14', 15148, 11317, 26, 26, 0),
(349, '2006-06-14', '2006-06-14', '2006-07-15', 15149, 11317, 27, 27, 0),
(350, '2006-06-15', '2006-06-18', '2006-06-23', 15150, 11314, 30, 16, 0),
(351, '2006-06-16', '2006-06-16', '2006-06-17', 15140, 11318, 11, 12, 0),
(352, '2006-06-17', '2006-06-17', '2006-06-24', 15140, 11318, 12, 19, 0),
(353, '2006-06-18', '2006-06-18', '2006-06-26', 15123, 11311, 33, 40, 0),
(354, '2006-06-19', '2006-06-20', '2006-06-24', 15124, 11311, 34, 34, 0),
(355, '2006-06-20', '2006-06-20', '2006-06-24', 15129, 11316, 35, 36, 0),
(356, '2006-06-21', '2006-06-24', '2006-06-29', 15129, 11314, 36, 14, 0),
(357, '2006-06-22', '2006-06-22', '2006-06-27', 15127, 11319, 37, 11, 0),
(358, '2006-06-23', '2006-06-24', '2006-07-12', 15122, 11313, 38, 38, 0),
(359, '2006-06-24', '2006-06-24', '2006-07-15', 15140, 11317, 19, 19, 0),
(360, '2006-06-25', '2006-06-26', '2006-07-13', 15123, 11314, 40, 10, 0),
(361, '2006-06-26', '2006-06-26', '2006-07-06', 15165, 11316, 1, 11, 0),
(362, '2006-06-27', '2006-06-28', '2006-07-08', 15166, 11313, 2, 13, 0),
(364, '2006-06-29', '2006-06-29', '2006-08-10', 15168, 11316, 4, 35, 0),
(365, '2006-06-30', '2006-06-30', '2006-07-04', 15169, 11316, 5, 9, 0),
(367, '2006-07-02', '2006-07-02', '2006-07-13', 15161, 11316, 7, 18, 0),
(368, '2006-07-03', '2006-07-04', '2006-07-10', 15162, 11313, 8, 12, 0),
(369, '2006-07-04', '2006-07-04', '2006-07-10', 15169, 11311, 9, 15, 0),
(370, '2006-07-05', '2006-07-06', '2006-07-26', 15142, 11317, 28, 28, 0),
(371, '2006-07-06', '2006-07-06', '2006-07-12', 15165, 11313, 11, 12, 0),
(372, '2006-07-07', '2006-07-10', '2006-07-12', 15162, 11319, 12, 8, 0),
(373, '2006-07-08', '2006-07-08', '2006-07-12', 15166, 11314, 13, 16, 0),
(374, '2006-07-09', '2006-07-10', '2006-07-17', 15167, 11318, 14, 14, 0),
(375, '2006-07-10', '2006-07-10', '2006-07-14', 15169, 11313, 15, 19, 0),
(376, '2006-07-11', '2006-07-12', '2006-07-18', 15166, 11319, 16, 23, 0),
(377, '2006-07-12', '2006-07-12', '2006-07-17', 15165, 11312, 12, 17, 0),
(378, '2006-07-13', '2006-07-13', '2006-07-16', 15161, 11310, 18, 21, 0),
(379, '2006-07-14', '2006-07-14', '2006-07-22', 15169, 11319, 19, 26, 0),
(380, '2006-07-15', '2006-07-16', '2006-07-24', 15163, 11310, 20, 29, 0),
(381, '2006-07-16', '2006-07-16', '2006-07-21', 15161, 11319, 21, 9, 0),
(382, '2006-07-17', '2006-07-17', '2006-07-21', 15165, 11312, 17, 19, 0),
(383, '2006-07-18', '2006-07-18', '2006-07-28', 15166, 11318, 23, 12, 0),
(384, '2006-07-19', '2006-07-22', '2006-07-21', 15165, 11312, 19, 20, 0),
(385, '2006-07-20', '2006-07-21', '2006-07-23', 15165, 11312, 20, 23, 0),
(386, '2006-07-21', '2006-07-22', '2006-08-14', 15169, 11318, 26, 36, 0),
(387, '2006-07-22', '2006-07-22', '2006-08-10', 15160, 11314, 27, 11, 0),
(388, '2006-07-23', '2006-07-23', '2006-07-26', 15165, 11312, 23, 31, 0),
(389, '2006-07-24', '2006-07-24', '2006-08-13', 15163, 11313, 29, 29, 0),
(390, '2006-07-25', '2006-07-28', '2006-07-28', 15166, 11318, 12, 33, 0),
(391, '2006-07-26', '2006-07-26', '2006-08-15', 15165, 11313, 31, 31, 0),
(392, '2006-07-27', '2006-07-27', '2006-08-16', 15181, 11315, 11, 31, 0),
(393, '2006-07-28', '2006-07-28', '2006-08-16', 15166, 11310, 33, 33, 0),
(395, '2006-07-30', '2006-07-30', '2006-08-18', 15168, 11310, 35, 35, 0),
(396, '2006-07-31', '2006-07-31', '2006-08-19', 15169, 11310, 36, 36, 0),
(397, '2006-08-01', '2006-08-01', '2006-08-02', 15186, 11312, 11, 12, 0),
(398, '2006-08-02', '2006-08-02', '2006-08-23', 15186, 11312, 12, 12, 0),
(399, '2006-08-03', '2006-08-03', '2006-08-08', 15184, 11315, 15, 15, 0),
(400, '2006-08-04', '2006-08-05', '2006-08-13', 15209, 11315, 16, 9, 0),
(401, '2006-08-05', '2006-08-05', '2006-08-13', 15201, 11410, 1, 1, 0),
(402, '2006-08-06', '2006-08-07', '2006-08-21', 15202, 11419, 2, 14, 0),
(403, '2006-08-07', '2006-08-07', '2006-08-12', 15203, 11415, 3, 3, 0),
(404, '2006-08-08', '2006-08-09', '2006-08-19', 15204, 11410, 4, 15, 0),
(405, '2006-08-09', '2006-08-09', '2006-09-08', 15205, 11418, 5, 34, 0),
(407, '2006-08-11', '2006-08-11', '2006-08-19', 15207, 11411, 23, 14, 0),
(408, '2006-08-12', '2006-08-13', '2006-08-23', 15208, 11416, 8, 19, 0),
(409, '2006-08-13', '2006-08-13', '2006-08-22', 15209, 11416, 9, 9, 0),
(410, '2006-08-14', '2006-08-14', '2006-09-15', 15210, 11412, 29, 29, 0),
(411, '2006-08-15', '2006-08-15', '2006-08-21', 15200, 11419, 11, 17, 0),
(412, '2006-08-16', '2006-08-16', '2006-09-17', 15181, 11412, 31, 31, 0),
(414, '2006-08-18', '2006-08-19', '2006-09-09', 15207, 11416, 14, 36, 0),
(415, '2006-08-19', '2006-08-19', '2006-09-06', 15204, 11419, 15, 33, 0),
(416, '2006-08-20', '2006-08-21', '2006-08-25', 15202, 11411, 14, 14, 0),
(417, '2006-08-21', '2006-08-21', '2006-09-06', 15200, 11413, 17, 32, 0),
(418, '2006-08-22', '2006-08-22', '2006-09-10', 15199, 11414, 19, 18, 0),
(419, '2006-08-23', '2006-08-23', '2006-08-28', 15208, 11419, 19, 13, 0),
(420, '2006-08-24', '2006-08-25', '2006-09-04', 15220, 11418, 20, 11, 0),
(421, '2006-08-25', '2006-08-25', '2006-09-14', 15221, 11416, 21, 21, 0),
(422, '2006-08-26', '2006-08-27', '2006-09-11', 15222, 11411, 20, 20, 0),
(423, '2006-08-27', '2006-08-27', '2006-09-08', 15223, 11418, 23, 12, 0),
(424, '2006-08-28', '2006-08-28', '2006-09-26', 15224, 11415, 24, 14, 0),
(425, '2006-08-29', '2006-08-29', '2006-09-25', 15225, 11412, 26, 26, 0),
(426, '2006-08-30', '2006-08-30', '2006-09-15', 15226, 11411, 24, 24, 0),
(427, '2006-08-31', '2006-08-31', '2006-09-16', 15227, 11411, 25, 25, 0),
(428, '2006-09-01', '2006-09-02', '2006-09-10', 15228, 11413, 28, 28, 0),
(429, '2006-09-02', '2006-09-02', '2006-09-07', 15229, 11411, 24, 24, 0),
(430, '2006-09-03', '2006-09-03', '2006-09-12', 15230, 11416, 30, 30, 0),
(431, '2006-09-04', '2006-09-04', '2006-09-12', 15220, 11414, 11, 19, 0),
(432, '2006-09-05', '2006-09-06', '2006-09-12', 15200, 11415, 32, 38, 0),
(433, '2006-09-06', '2006-09-06', '2006-09-14', 15204, 11418, 33, 33, 0),
(434, '2006-09-07', '2006-09-08', '2006-09-10', 15205, 11410, 34, 37, 0),
(435, '2006-09-08', '2006-09-08', '2006-09-13', 15223, 11411, 12, 12, 0),
(436, '2006-09-09', '2006-09-09', '2006-09-17', 15207, 11418, 36, 36, 0),
(437, '2006-09-10', '2006-09-10', '2006-09-15', 15205, 11415, 37, 37, 0),
(438, '2006-09-11', '2006-09-12', '2006-09-20', 15200, 11416, 38, 38, 0),
(439, '2006-09-12', '2006-09-12', '2006-09-20', 15220, 11414, 19, 39, 0),
(440, '2006-09-13', '2006-09-14', '2006-09-14', 15241, 11418, 40, 1, 0),
(441, '2006-09-14', '2006-09-14', '2006-09-26', 15241, 11418, 1, 13, 0),
(442, '2006-09-15', '2006-09-16', '2006-09-28', 15242, 11415, 2, 14, 0),
(443, '2006-09-16', '2006-09-16', '2006-09-28', 15243, 11416, 3, 15, 0),
(444, '2006-09-17', '2006-09-18', '2006-10-06', 15244, 11410, 4, 22, 0),
(445, '2006-09-18', '2006-09-18', '2006-10-10', 15245, 11412, 25, 27, 0),
(446, '2006-09-19', '2006-09-22', '2006-09-28', 15246, 11416, 6, 6, 0),
(447, '2006-09-20', '2006-09-20', '2006-10-02', 15247, 11419, 7, 19, 0),
(448, '2006-09-21', '2006-09-22', '2006-10-12', 15248, 11412, 28, 10, 0),
(449, '2006-09-22', '2006-09-22', '2006-10-10', 15249, 11415, 9, 17, 0),
(450, '2006-09-23', '2006-09-26', '2006-10-11', 15250, 11414, 12, 10, 0),
(451, '2006-09-24', '2006-09-25', '2006-10-15', 15225, 11417, 26, 26, 0),
(452, '2006-09-25', '2006-09-26', '2006-10-16', 15224, 11412, 14, 14, 0),
(453, '2006-09-26', '2006-09-26', '2006-10-12', 15241, 11419, 13, 29, 0),
(454, '2006-09-27', '2006-09-28', '2006-10-10', 15242, 11419, 14, 24, 0),
(455, '2006-09-28', '2006-09-28', '2006-10-12', 15243, 11415, 15, 13, 0),
(456, '2006-09-29', '2006-09-29', '2006-10-03', 15243, 11417, 13, 17, 0),
(457, '2006-09-30', '2006-09-30', '2006-10-08', 15249, 11416, 17, 25, 0),
(458, '2006-10-01', '2006-10-01', '2006-10-10', 15240, 11413, 18, 18, 0),
(459, '2006-10-02', '2006-10-02', '2006-10-18', 15247, 11419, 19, 35, 0),
(460, '2006-10-03', '2006-10-03', '2006-10-04', 15243, 11411, 17, 18, 0),
(461, '2006-10-04', '2006-10-04', '2006-10-07', 15243, 11411, 18, 20, 0),
(462, '2006-10-05', '2006-10-06', '2006-10-10', 15244, 11416, 22, 26, 0),
(463, '2006-10-06', '2006-10-07', '2006-10-16', 15243, 11411, 20, 32, 0),
(464, '2006-10-07', '2006-10-10', '2006-10-16', 15242, 11419, 24, 30, 0),
(465, '2006-10-08', '2006-10-08', '2006-10-14', 15249, 11412, 25, 31, 0),
(466, '2006-10-09', '2006-10-10', '2006-10-14', 15244, 11415, 26, 26, 0),
(467, '2006-10-10', '2006-10-10', '2006-10-16', 15245, 11415, 27, 33, 0),
(468, '2006-10-11', '2006-10-12', '2006-10-19', 15248, 11414, 10, 28, 0),
(469, '2006-10-12', '2006-10-12', '2006-10-24', 15241, 11416, 29, 40, 0),
(470, '2006-10-13', '2006-10-16', '2006-10-18', 15242, 11413, 30, 16, 0),
(471, '2006-10-14', '2006-10-14', '2006-10-19', 15249, 11415, 31, 31, 0),
(472, '2006-10-15', '2006-10-16', '2006-10-23', 15243, 11410, 32, 32, 0),
(473, '2006-10-16', '2006-10-16', '2006-10-20', 15245, 11413, 33, 37, 0),
(474, '2006-10-17', '2006-10-18', '2006-10-25', 15242, 11414, 16, 34, 0),
(475, '2006-10-18', '2006-10-18', '2006-10-22', 15247, 11413, 35, 36, 0),
(476, '2006-10-19', '2006-10-22', '2006-10-27', 15247, 11418, 36, 36, 0),
(477, '2006-10-20', '2006-10-20', '2006-10-25', 15245, 11415, 37, 37, 0),
(478, '2006-10-21', '2006-10-21', '2006-10-22', 15261, 11411, 17, 18, 0),
(479, '2006-10-22', '2006-10-22', '2006-10-28', 15261, 11411, 18, 24, 0),
(480, '2006-10-23', '2006-10-24', '2006-11-11', 15241, 11410, 40, 40, 0),
(481, '2006-10-24', '2006-10-24', '2006-10-26', 15280, 11410, 1, 3, 0),
(482, '2006-10-25', '2006-10-28', '2006-10-27', 15263, 11417, 19, 21, 0),
(483, '2006-10-26', '2006-10-26', '2006-11-10', 15280, 11410, 3, 7, 0),
(484, '2006-10-27', '2006-10-27', '2006-11-08', 15263, 11417, 21, 16, 0),
(485, '2006-10-28', '2006-10-28', '2006-11-12', 15261, 11411, 24, 25, 0),
(486, '2006-10-29', '2006-10-29', '2006-11-03', 15261, 11411, 25, 30, 0),
(487, '2006-10-30', '2006-10-30', '2006-11-12', 15280, 11418, 7, 8, 0),
(488, '2006-10-31', '2006-10-31', '2006-11-03', 15280, 11415, 8, 10, 0),
(489, '2006-11-01', '2006-11-01', '2006-11-06', 15264, 11411, 25, 25, 0),
(490, '2006-11-02', '2006-11-03', '2006-11-05', 15280, 11418, 10, 13, 0),
(491, '2006-11-03', '2006-11-03', '2006-11-07', 15261, 11412, 30, 31, 0),
(492, '2006-11-04', '2006-11-07', '2006-11-25', 15261, 11412, 31, 31, 0),
(493, '2006-11-05', '2006-11-05', '2006-11-09', 15280, 11415, 13, 16, 0),
(494, '2006-11-06', '2006-11-09', '2006-11-11', 15282, 11459, 12, 18, 0),
(495, '2006-11-07', '2006-11-08', '2006-11-28', 15263, 11412, 16, 16, 0),
(496, '2006-11-08', '2006-11-09', '2006-11-29', 15280, 11413, 16, 36, 0),
(497, '2006-11-09', '2006-11-09', '2006-12-10', 15284, 11417, 13, 13, 0),
(498, '2006-11-10', '2006-11-10', '2006-11-18', 15260, 11414, 19, 18, 0),
(499, '2006-11-11', '2006-11-12', '2006-11-19', 15259, 11414, 20, 19, 0),
(500, '2006-11-12', '2006-11-15', '2006-12-10', 15300, 11412, 21, 18, 0),
(501, '2006-11-13', '2006-11-13', '2006-11-18', 15301, 11559, 21, 14, 0),
(502, '2006-11-14', '2006-11-14', '2006-12-15', 15302, 11552, 18, 18, 0),
(503, '2006-11-15', '2006-11-15', '2006-11-20', 15303, 11559, 23, 8, 0),
(504, '2006-11-16', '2006-11-19', '2006-11-24', 15304, 11554, 24, 13, 0),
(505, '2006-11-17', '2006-11-18', '2006-12-18', 15305, 11557, 26, 26, 0),
(506, '2006-11-18', '2006-11-19', '2006-11-27', 15306, 11556, 26, 26, 0),
(507, '2006-11-19', '2006-11-19', '2006-11-27', 15307, 11554, 27, 16, 0),
(508, '2006-11-20', '2006-11-21', '2006-11-28', 15308, 11550, 28, 28, 0),
(509, '2006-11-21', '2006-11-21', '2006-11-29', 15309, 11550, 29, 29, 0),
(510, '2006-11-22', '2006-11-25', '2006-12-10', 15310, 11554, 30, 11, 0),
(511, '2006-11-23', '2006-11-24', '2006-11-26', 15297, 11557, 14, 15, 0),
(512, '2006-11-24', '2006-11-27', '2006-11-26', 15297, 11557, 15, 16, 0),
(513, '2006-11-25', '2006-11-26', '2006-11-26', 15297, 11557, 16, 17, 0),
(514, '2006-11-26', '2006-11-26', '2006-11-27', 15297, 11558, 17, 18, 0),
(515, '2006-11-27', '2006-11-27', '2006-12-15', 15297, 11558, 18, 18, 0),
(516, '2006-11-28', '2006-11-28', '2006-11-29', 15280, 11556, 36, 37, 0),
(517, '2006-11-29', '2006-11-29', '2006-12-01', 15280, 11550, 37, 39, 0),
(518, '2006-11-30', '2006-11-30', '2006-12-15', 15300, 11535, 18, 18, 0),
(519, '2006-12-01', '2006-12-01', '2006-12-09', 15280, 11550, 39, 39, 0),
(520, '2006-12-02', '2006-12-03', '2006-12-09', 15327, 11551, 40, 7, 0),
(521, '2006-12-03', '2006-12-03', '2007-01-08', 15321, 11551, 1, 18, 0),
(522, '2006-12-04', '2006-12-05', '2006-12-13', 15322, 11535, 20, 11, 0),
(523, '2006-12-05', '2006-12-05', '2006-12-19', 15323, 11558, 24, 16, 0),
(524, '2006-12-06', '2006-12-07', '2006-12-15', 15324, 11556, 4, 13, 0),
(525, '2006-12-07', '2006-12-07', '2006-12-17', 15325, 11553, 5, 15, 0),
(526, '2006-12-08', '2006-12-08', '2007-01-12', 15326, 11559, 6, 40, 0),
(527, '2006-12-09', '2006-12-09', '2007-01-02', 15327, 11554, 7, 31, 0),
(528, '2006-12-10', '2006-12-11', '2006-12-20', 15328, 11553, 8, 18, 0),
(529, '2006-12-11', '2006-12-11', '2006-12-21', 15329, 11554, 9, 19, 0),
(530, '2006-12-12', '2006-12-13', '2006-12-21', 15330, 11553, 10, 10, 0),
(531, '2006-12-13', '2006-12-13', '2006-12-22', 15322, 11553, 11, 11, 0),
(532, '2006-12-14', '2006-12-14', '2006-12-16', 15317, 11558, 15, 17, 0),
(533, '2006-12-15', '2006-12-15', '2006-12-19', 15324, 11553, 13, 17, 0),
(534, '2006-12-16', '2006-12-16', '2007-01-17', 15317, 11557, 17, 17, 0),
(535, '2006-12-17', '2006-12-17', '2006-12-25', 15325, 11550, 15, 15, 0),
(536, '2006-12-18', '2006-12-19', '2007-01-06', 15323, 11551, 16, 34, 0),
(537, '2006-12-19', '2006-12-19', '2007-01-06', 15324, 11551, 17, 35, 0),
(538, '2006-12-20', '2006-12-20', '2007-01-10', 15328, 11550, 18, 39, 0),
(539, '2006-12-21', '2006-12-21', '2006-12-29', 15329, 11550, 19, 19, 0),
(540, '2006-12-22', '2006-12-23', '2007-01-08', 15340, 11535, 20, 16, 0),
(541, '2006-12-23', '2006-12-23', '2006-12-28', 15341, 11551, 21, 21, 0),
(542, '2006-12-24', '2006-12-25', '2007-01-13', 15342, 11513, 26, 26, 0),
(543, '2006-12-25', '2006-12-25', '2007-01-05', 15343, 11514, 23, 9, 0),
(544, '2006-12-26', '2006-12-26', '2007-01-14', 15344, 11518, 24, 24, 0),
(545, '2006-12-27', '2006-12-27', '2007-01-12', 15345, 11519, 25, 11, 0),
(546, '2006-12-28', '2006-12-28', '2007-01-19', 15346, 11517, 29, 11, 0),
(547, '2006-12-29', '2006-12-29', '2007-01-14', 15347, 11519, 9, 13, 0),
(548, '2006-12-30', '2006-12-30', '2007-01-15', 15348, 11551, 28, 28, 0),
(549, '2006-12-31', '2006-12-31', '2007-01-19', 15349, 11550, 29, 29, 0),
(550, '2007-01-01', '2007-01-01', '2007-01-09', 15350, 11550, 30, 30, 0),
(551, '2007-01-02', '2007-01-02', '2007-01-07', 15327, 11515, 31, 31, 0),
(552, '2007-01-03', '2007-01-06', '2007-01-05', 15343, 11519, 9, 10, 0),
(553, '2007-01-04', '2007-01-05', '2007-01-18', 15343, 11519, 10, 21, 0),
(554, '2007-01-05', '2007-01-06', '2007-01-13', 15323, 11518, 34, 34, 0),
(556, '2007-01-07', '2007-01-08', '2007-01-18', 15340, 11512, 16, 26, 0),
(557, '2007-01-08', '2007-01-08', '2007-01-17', 15321, 11513, 18, 18, 0),
(558, '2007-01-09', '2007-01-10', '2007-01-14', 15324, 11511, 38, 38, 0),
(559, '2007-01-10', '2007-01-10', '2007-01-18', 15328, 11518, 39, 39, 0),
(560, '2007-01-11', '2007-01-12', '2007-01-16', 15326, 11511, 40, 40, 0),
(561, '2007-01-12', '2007-01-12', '2007-02-03', 15367, 11515, 1, 22, 0),
(562, '2007-01-13', '2007-01-13', '2007-01-22', 15316, 11516, 23, 23, 0),
(563, '2007-01-14', '2007-01-14', '2007-01-24', 15369, 11511, 3, 13, 0),
(564, '2007-01-15', '2007-01-18', '2007-01-20', 15343, 11519, 21, 11, 0),
(565, '2007-01-16', '2007-01-16', '2007-01-23', 15361, 11511, 5, 10, 0),
(566, '2007-01-17', '2007-01-18', '2007-01-18', 15340, 11517, 26, 27, 0),
(567, '2007-01-18', '2007-01-18', '2007-01-20', 15340, 11512, 27, 29, 0),
(568, '2007-01-19', '2007-01-19', '2007-01-28', 15346, 11516, 11, 11, 0),
(569, '2007-01-20', '2007-01-20', '2007-02-10', 15340, 11512, 29, 18, 0),
(570, '2007-01-21', '2007-01-22', '2007-02-13', 15366, 11515, 10, 12, 0),
(571, '2007-01-22', '2007-01-23', '2007-01-26', 15361, 11519, 10, 12, 0),
(572, '2007-01-23', '2007-01-26', '2007-01-27', 15361, 11514, 12, 14, 0),
(573, '2007-01-24', '2007-01-24', '2007-02-12', 15369, 11515, 13, 20, 0),
(574, '2007-01-25', '2007-01-26', '2007-01-28', 15363, 11514, 14, 17, 0),
(575, '2007-01-26', '2007-01-27', '2007-02-02', 15361, 11519, 14, 20, 0),
(576, '2007-01-27', '2007-01-27', '2007-02-18', 15340, 11512, 18, 18, 0),
(577, '2007-01-28', '2007-01-28', '2007-02-19', 15363, 11515, 17, 38, 0),
(578, '2007-01-29', '2007-01-29', '2007-02-05', 15364, 11515, 18, 25, 0),
(579, '2007-01-30', '2007-01-30', '2007-02-09', 15368, 11518, 19, 10, 0),
(580, '2007-01-31', '2007-01-31', '2007-02-07', 15369, 11514, 20, 9, 0),
(581, '2007-02-01', '2007-02-02', '2007-02-04', 15361, 11517, 20, 22, 0),
(582, '2007-02-02', '2007-02-03', '2007-02-07', 15367, 11511, 22, 22, 0),
(583, '2007-02-03', '2007-02-04', '2007-02-04', 15361, 11517, 22, 23, 0),
(584, '2007-02-04', '2007-02-04', '2007-02-06', 15361, 11510, 23, 25, 0),
(585, '2007-02-05', '2007-02-05', '2007-02-14', 15364, 11513, 25, 25, 0),
(586, '2007-02-06', '2007-02-06', '2007-02-10', 15361, 11512, 25, 28, 0),
(587, '2007-02-07', '2007-02-07', '2007-02-11', 15369, 11513, 9, 31, 0),
(588, '2007-02-08', '2007-02-09', '2007-02-17', 15368, 11516, 10, 10, 0),
(589, '2007-02-09', '2007-02-10', '2007-02-12', 15361, 11512, 28, 31, 0),
(590, '2007-02-10', '2007-02-13', '2007-02-19', 15366, 11513, 12, 12, 0),
(591, '2007-02-11', '2007-02-11', '2007-02-15', 15369, 11514, 31, 34, 0),
(592, '2007-02-12', '2007-02-12', '2007-02-13', 15361, 11517, 31, 33, 0),
(593, '2007-02-13', '2007-02-13', '2007-02-21', 15361, 11518, 33, 33, 0),
(594, '2007-02-14', '2007-02-15', '2007-02-19', 15369, 11515, 34, 34, 0),
(595, '2007-02-15', '2007-02-15', '2007-02-20', 15360, 11511, 35, 35, 0),
(596, '2007-02-16', '2007-02-16', '2007-03-17', 15362, 11512, 17, 17, 0),
(597, '2007-02-17', '2007-02-17', '2007-02-25', 15365, 11514, 37, 37, 0),
(598, '2007-02-18', '2007-02-19', '2007-02-23', 15363, 11511, 38, 38, 0),
(599, '2007-02-19', '2007-02-19', '2007-02-28', 15357, 11513, 21, 21, 0),
(600, '2007-02-20', '2007-02-21', '2007-02-28', 15400, 11514, 40, 40, 0);

-- --------------------------------------------------------

--
-- Table structure for table `basesite_store`
--

DROP TABLE IF EXISTS `basesite_store`;
CREATE TABLE `basesite_store` (
  `id` int(11) NOT NULL,
  `name` varchar(50) NOT NULL,
  `address` varchar(200) NOT NULL,
  `phone` varchar(12) NOT NULL,
  `city` varchar(50) NOT NULL,
  `state` varchar(25) NOT NULL
) ENGINE=InnoDB DEFAULT CHARSET=latin1;

--
-- Dumping data for table `basesite_store`
--

INSERT INTO `basesite_store` (`id`, `name`, `address`, `phone`, `city`, `state`) VALUES
(1, 'Alexandria', '3761 N. 14th St', '5435350162', 'Alexandria', 'NSW'),
(2, 'Coffs Harbour', '2243 W St.', '5435350110', 'Coffs Harbour', 'NSW'),
(3, 'Darlinghurst', '5844 Linden Land', '5435350184', 'Darlinghurst', 'NSW'),
(4, 'Goulburn', '1825 Village Pl.', '5435350162', 'Goulburn', 'NSW'),
(5, 'Lane Cove', '7553 Harness Circle', '5435350131', 'Lane Cove', 'NSW'),
(6, 'Lavender Bay', '7305 Humphrey Drive', '5435350151', 'Lavender Bay', 'NSW'),
(7, 'Malabar', '2612 Berry Dr', '5435350184', 'Malabar', 'NSW'),
(8, 'Matraville', '942 Brook Street', '5435350126', 'Matraville', 'NSW'),
(9, 'Milsons Point', '624 Peabody Road', '5435350164', 'Milsons Point', 'NSW'),
(10, 'Newcastle', '3839 Northgate Road', '5435350110', 'Newcastle', 'NSW'),
(11, 'North Ryde', '7800 Corrinne Court', '5435350169', 'North Ryde', 'NSW'),
(12, 'North Sydney', '1224 Shoenic', '5435350117', 'North Sydney', 'NSW'),
(13, 'Port Macquarie', '4785 Scott Street', '7175350164', 'Port Macquarie', 'NSW'),
(14, 'Rhodes', '7902 Hudson Ave.', '8175350185', 'Rhodes', 'NSW'),
(15, 'Silverwater', '9011 Tank Drive', '4315350156', 'Silverwater', 'NSW'),
(16, 'Springwood', '244 Willow Pass Road', '2085350142', 'Springwood', 'NSW'),
(17, 'St. Leonards', '9666 Northridge Ct.', '1355350171', 'St. Leonards', 'NSW'),
(18, 'Sydney', '7330 Saddlehill Lane', '5435350195', 'Sydney', 'NSW'),
(19, 'Wollongong', '244 Rivewview', '5435350137', 'Wollongong', 'NSW'),
(20, 'Brisbane', '7832 Landing Dr', '2625350112', 'Brisbane', 'QLD'),
(21, 'Caloundra', '7156 Rose Dr.', '5505350163', 'Caloundra', 'QLD'),
(22, 'East Brisbane', '8148 W. Lake Dr.', '6225350158', 'East Brisbane', 'QLD'),
(23, 'Gold Coast', '1769 Nicholas Drive', '5895350185', 'Gold Coast', 'QLD'),
(24, 'Hawthorne', '4499 Valley Crest', '4525350188', 'Hawthorne', 'QLD'),
(25, 'Hervey Bay', '8734 Oxford Place', '7465350186', 'Hervey Bay', 'QLD'),
(26, 'Rockhampton', '2596 Franklin Canyon Road', '5435350178', 'Rockhampton', 'QLD'),
(27, 'Townsville', '8211 Leeds Ct.', '5435350131', 'Townsville', 'QLD'),
(28, 'Cloverdale', '213 Valencia Place', '5435350184', 'Cloverdale', 'SA'),
(29, 'Findon', '9111 Rose Ann Ave', '5435350116', 'Findon', 'SA'),
(30, 'Perth', '6385 Mark Twain', '5435350146', 'Perth', 'SA'),
(31, 'Hobart', '636 Vine Hill Way', '5435350182', 'Hobart', 'TAS'),
(32, 'Bendigo', '6465 Detroit Ave.', '5435350195', 'Bendigo', 'VIC'),
(33, 'Cranbourne', '626 Bentley Street', '5435350169', 'Cranbourne', 'VIC'),
(34, 'Geelong', '5927 Rainbow Dr', '5435350137', 'Geelong', 'VIC'),
(35, 'Melbourne', '5167 Condor Place', '5435350136', 'Melbourne', 'VIC'),
(36, 'Melton', '1873 Mt. Whitney Dr', '5435350177', 'Melton', 'VIC'),
(37, 'Seaford', '3981 Augustine Drive', '1155350183', 'Seaford', 'VIC'),
(38, 'South Melbourne', '8915 Woodside Way', '2295350112', 'South Melbourne', 'VIC'),
(39, 'Sunbury', '8357 Sandy Cove Lane', '5435350114', 'Sunbury', 'VIC'),
(40, 'Warrnambool', '9353 Creekside Dr.', '5435350183', 'Warrnambool', 'VIC');

-- --------------------------------------------------------

--
-- Table structure for table `django_admin_log`
--

DROP TABLE IF EXISTS `django_admin_log`;
CREATE TABLE `django_admin_log` (
  `id` int(11) NOT NULL,
  `action_time` datetime(6) NOT NULL,
  `object_id` longtext,
  `object_repr` varchar(200) NOT NULL,
  `action_flag` smallint(5) UNSIGNED NOT NULL,
  `change_message` longtext NOT NULL,
  `content_type_id` int(11) DEFAULT NULL,
  `user_id` int(11) NOT NULL
) ENGINE=InnoDB DEFAULT CHARSET=latin1;

-- --------------------------------------------------------

--
-- Table structure for table `django_content_type`
--

DROP TABLE IF EXISTS `django_content_type`;
CREATE TABLE `django_content_type` (
  `id` int(11) NOT NULL,
  `app_label` varchar(100) NOT NULL,
  `model` varchar(100) NOT NULL
) ENGINE=InnoDB DEFAULT CHARSET=latin1;

--
-- Dumping data for table `django_content_type`
--

INSERT INTO `django_content_type` (`id`, `app_label`, `model`) VALUES
(1, 'admin', 'logentry'),
(3, 'auth', 'group'),
(2, 'auth', 'permission'),
(4, 'auth', 'user'),
(8, 'basesite', 'car'),
(9, 'basesite', 'customer'),
(7, 'basesite', 'order'),
(10, 'basesite', 'store'),
(5, 'contenttypes', 'contenttype'),
(6, 'sessions', 'session');

-- --------------------------------------------------------

--
-- Table structure for table `django_migrations`
--

DROP TABLE IF EXISTS `django_migrations`;
CREATE TABLE `django_migrations` (
  `id` int(11) NOT NULL,
  `app` varchar(255) NOT NULL,
  `name` varchar(255) NOT NULL,
  `applied` datetime(6) NOT NULL
) ENGINE=InnoDB DEFAULT CHARSET=latin1;

--
-- Dumping data for table `django_migrations`
--

INSERT INTO `django_migrations` (`id`, `app`, `name`, `applied`) VALUES
(1, 'contenttypes', '0001_initial', '2018-09-05 09:11:37.899332'),
(2, 'auth', '0001_initial', '2018-09-05 09:11:38.994328'),
(3, 'admin', '0001_initial', '2018-09-05 09:11:39.265331'),
(4, 'admin', '0002_logentry_remove_auto_add', '2018-09-05 09:11:39.281331'),
(5, 'admin', '0003_logentry_add_action_flag_choices', '2018-09-05 09:11:39.298329'),
(6, 'contenttypes', '0002_remove_content_type_name', '2018-09-05 09:11:39.704332'),
(7, 'auth', '0002_alter_permission_name_max_length', '2018-09-05 09:11:39.807335'),
(8, 'auth', '0003_alter_user_email_max_length', '2018-09-05 09:11:39.919350'),
(9, 'auth', '0004_alter_user_username_opts', '2018-09-05 09:11:39.939336'),
(10, 'auth', '0005_alter_user_last_login_null', '2018-09-05 09:11:40.018337'),
(11, 'auth', '0006_require_contenttypes_0002', '2018-09-05 09:11:40.029334'),
(12, 'auth', '0007_alter_validators_add_error_messages', '2018-09-05 09:11:40.046335'),
(13, 'auth', '0008_alter_user_username_max_length', '2018-09-05 09:11:40.155378'),
(14, 'auth', '0009_alter_user_last_name_max_length', '2018-09-05 09:11:40.276348'),
(15, 'sessions', '0001_initial', '2018-09-05 09:11:40.338335'),
(16, 'basesite', '0001_initial', '2018-09-05 09:14:30.388726'),
(17, 'basesite', '0002_auto_20180907_1116', '2018-09-07 01:17:29.794565'),
(18, 'basesite', '0003_auto_20180907_1129', '2018-09-07 01:30:01.583435'),
(19, 'basesite', '0004_auto_20180907_1130', '2018-09-07 01:30:50.667603'),
(20, 'basesite', '0005_auto_20180907_1157', '2018-09-07 01:57:14.010744'),
(21, 'basesite', '0006_order_unavailable', '2018-09-16 05:17:41.319508');

-- --------------------------------------------------------

--
-- Table structure for table `django_session`
--

DROP TABLE IF EXISTS `django_session`;
CREATE TABLE `django_session` (
  `session_key` varchar(40) NOT NULL,
  `session_data` longtext NOT NULL,
  `expire_date` datetime(6) NOT NULL
) ENGINE=InnoDB DEFAULT CHARSET=latin1;

--
-- Dumping data for table `django_session`
--

INSERT INTO `django_session` (`session_key`, `session_data`, `expire_date`) VALUES
('2jp4jl5nkzvxqsz8ff03mgmzukdw89w7', 'ZDUyMTMwMmI1M2Y5ZWVkOTAyMGQ5ZDAzYjljNjdmZmVlZDg2ZjJjNDp7Il9hdXRoX3VzZXJfaWQiOiIxIiwiX2F1dGhfdXNlcl9iYWNrZW5kIjoiZGphbmdvLmNvbnRyaWIuYXV0aC5iYWNrZW5kcy5Nb2RlbEJhY2tlbmQiLCJfYXV0aF91c2VyX2hhc2giOiI3OWJmNmMzZDMwN2MyN2VjNWE5MzdhYTI3ZDRmZDZlYWI5MTRiZjUxIn0=', '2018-10-17 00:34:22.934365'),
('662joag656bf6ybpn2fewns69u7l7twq', 'ZDUyMTMwMmI1M2Y5ZWVkOTAyMGQ5ZDAzYjljNjdmZmVlZDg2ZjJjNDp7Il9hdXRoX3VzZXJfaWQiOiIxIiwiX2F1dGhfdXNlcl9iYWNrZW5kIjoiZGphbmdvLmNvbnRyaWIuYXV0aC5iYWNrZW5kcy5Nb2RlbEJhY2tlbmQiLCJfYXV0aF91c2VyX2hhc2giOiI3OWJmNmMzZDMwN2MyN2VjNWE5MzdhYTI3ZDRmZDZlYWI5MTRiZjUxIn0=', '2018-10-31 06:26:52.025630'),
('6l1pomy3ul6ocoqdecj61oyf9umtpdb0', 'ZDUyMTMwMmI1M2Y5ZWVkOTAyMGQ5ZDAzYjljNjdmZmVlZDg2ZjJjNDp7Il9hdXRoX3VzZXJfaWQiOiIxIiwiX2F1dGhfdXNlcl9iYWNrZW5kIjoiZGphbmdvLmNvbnRyaWIuYXV0aC5iYWNrZW5kcy5Nb2RlbEJhY2tlbmQiLCJfYXV0aF91c2VyX2hhc2giOiI3OWJmNmMzZDMwN2MyN2VjNWE5MzdhYTI3ZDRmZDZlYWI5MTRiZjUxIn0=', '2018-10-17 00:30:06.520564'),
('7ned9q579dc2wfl96s6v5g73r2cccb1c', 'ZDUyMTMwMmI1M2Y5ZWVkOTAyMGQ5ZDAzYjljNjdmZmVlZDg2ZjJjNDp7Il9hdXRoX3VzZXJfaWQiOiIxIiwiX2F1dGhfdXNlcl9iYWNrZW5kIjoiZGphbmdvLmNvbnRyaWIuYXV0aC5iYWNrZW5kcy5Nb2RlbEJhY2tlbmQiLCJfYXV0aF91c2VyX2hhc2giOiI3OWJmNmMzZDMwN2MyN2VjNWE5MzdhYTI3ZDRmZDZlYWI5MTRiZjUxIn0=', '2018-10-17 03:28:33.798457'),
('b82eorq6uz7765vd663nssj7mvw75hh0', 'ZDUyMTMwMmI1M2Y5ZWVkOTAyMGQ5ZDAzYjljNjdmZmVlZDg2ZjJjNDp7Il9hdXRoX3VzZXJfaWQiOiIxIiwiX2F1dGhfdXNlcl9iYWNrZW5kIjoiZGphbmdvLmNvbnRyaWIuYXV0aC5iYWNrZW5kcy5Nb2RlbEJhY2tlbmQiLCJfYXV0aF91c2VyX2hhc2giOiI3OWJmNmMzZDMwN2MyN2VjNWE5MzdhYTI3ZDRmZDZlYWI5MTRiZjUxIn0=', '2018-10-17 00:24:31.102372'),
('bpxj0se6n2x6i6vjfc57wmg4b3nhaiuj', 'ZDUyMTMwMmI1M2Y5ZWVkOTAyMGQ5ZDAzYjljNjdmZmVlZDg2ZjJjNDp7Il9hdXRoX3VzZXJfaWQiOiIxIiwiX2F1dGhfdXNlcl9iYWNrZW5kIjoiZGphbmdvLmNvbnRyaWIuYXV0aC5iYWNrZW5kcy5Nb2RlbEJhY2tlbmQiLCJfYXV0aF91c2VyX2hhc2giOiI3OWJmNmMzZDMwN2MyN2VjNWE5MzdhYTI3ZDRmZDZlYWI5MTRiZjUxIn0=', '2018-10-17 00:29:03.127482'),
('h3ljibx8c5r22pmphbdm1e3mtposum4x', 'ZDUyMTMwMmI1M2Y5ZWVkOTAyMGQ5ZDAzYjljNjdmZmVlZDg2ZjJjNDp7Il9hdXRoX3VzZXJfaWQiOiIxIiwiX2F1dGhfdXNlcl9iYWNrZW5kIjoiZGphbmdvLmNvbnRyaWIuYXV0aC5iYWNrZW5kcy5Nb2RlbEJhY2tlbmQiLCJfYXV0aF91c2VyX2hhc2giOiI3OWJmNmMzZDMwN2MyN2VjNWE5MzdhYTI3ZDRmZDZlYWI5MTRiZjUxIn0=', '2018-10-17 00:27:53.260528'),
('hqon39hann34tquqpvpr48bh0o293sma', 'ZDUyMTMwMmI1M2Y5ZWVkOTAyMGQ5ZDAzYjljNjdmZmVlZDg2ZjJjNDp7Il9hdXRoX3VzZXJfaWQiOiIxIiwiX2F1dGhfdXNlcl9iYWNrZW5kIjoiZGphbmdvLmNvbnRyaWIuYXV0aC5iYWNrZW5kcy5Nb2RlbEJhY2tlbmQiLCJfYXV0aF91c2VyX2hhc2giOiI3OWJmNmMzZDMwN2MyN2VjNWE5MzdhYTI3ZDRmZDZlYWI5MTRiZjUxIn0=', '2018-10-17 03:32:08.200016'),
('lcahag6kj37wake28bot3qcdpmxk8wlu', 'ZDUyMTMwMmI1M2Y5ZWVkOTAyMGQ5ZDAzYjljNjdmZmVlZDg2ZjJjNDp7Il9hdXRoX3VzZXJfaWQiOiIxIiwiX2F1dGhfdXNlcl9iYWNrZW5kIjoiZGphbmdvLmNvbnRyaWIuYXV0aC5iYWNrZW5kcy5Nb2RlbEJhY2tlbmQiLCJfYXV0aF91c2VyX2hhc2giOiI3OWJmNmMzZDMwN2MyN2VjNWE5MzdhYTI3ZDRmZDZlYWI5MTRiZjUxIn0=', '2018-10-17 03:17:28.051325'),
('q6qur2rq2rf3rci6ynp72fwl36r5ousd', 'ZDUyMTMwMmI1M2Y5ZWVkOTAyMGQ5ZDAzYjljNjdmZmVlZDg2ZjJjNDp7Il9hdXRoX3VzZXJfaWQiOiIxIiwiX2F1dGhfdXNlcl9iYWNrZW5kIjoiZGphbmdvLmNvbnRyaWIuYXV0aC5iYWNrZW5kcy5Nb2RlbEJhY2tlbmQiLCJfYXV0aF91c2VyX2hhc2giOiI3OWJmNmMzZDMwN2MyN2VjNWE5MzdhYTI3ZDRmZDZlYWI5MTRiZjUxIn0=', '2018-10-17 00:13:44.842012'),
('y0h30cb1elcem18o2cklvjo9kkxv36l9', 'ZDUyMTMwMmI1M2Y5ZWVkOTAyMGQ5ZDAzYjljNjdmZmVlZDg2ZjJjNDp7Il9hdXRoX3VzZXJfaWQiOiIxIiwiX2F1dGhfdXNlcl9iYWNrZW5kIjoiZGphbmdvLmNvbnRyaWIuYXV0aC5iYWNrZW5kcy5Nb2RlbEJhY2tlbmQiLCJfYXV0aF91c2VyX2hhc2giOiI3OWJmNmMzZDMwN2MyN2VjNWE5MzdhYTI3ZDRmZDZlYWI5MTRiZjUxIn0=', '2018-10-17 03:30:24.259991');

--
-- Indexes for dumped tables
--

--
-- Indexes for table `auth_group`
--
ALTER TABLE `auth_group`
  ADD PRIMARY KEY (`id`),
  ADD UNIQUE KEY `name` (`name`);

--
-- Indexes for table `auth_group_permissions`
--
ALTER TABLE `auth_group_permissions`
  ADD PRIMARY KEY (`id`),
  ADD UNIQUE KEY `auth_group_permissions_group_id_permission_id_0cd325b0_uniq` (`group_id`,`permission_id`),
  ADD KEY `auth_group_permissio_permission_id_84c5c92e_fk_auth_perm` (`permission_id`);

--
-- Indexes for table `auth_permission`
--
ALTER TABLE `auth_permission`
  ADD PRIMARY KEY (`id`),
  ADD UNIQUE KEY `auth_permission_content_type_id_codename_01ab375a_uniq` (`content_type_id`,`codename`);

--
-- Indexes for table `auth_user`
--
ALTER TABLE `auth_user`
  ADD PRIMARY KEY (`id`),
  ADD UNIQUE KEY `username` (`username`);

--
-- Indexes for table `auth_user_groups`
--
ALTER TABLE `auth_user_groups`
  ADD PRIMARY KEY (`id`),
  ADD UNIQUE KEY `auth_user_groups_user_id_group_id_94350c0c_uniq` (`user_id`,`group_id`),
  ADD KEY `auth_user_groups_group_id_97559544_fk_auth_group_id` (`group_id`);

--
-- Indexes for table `auth_user_user_permissions`
--
ALTER TABLE `auth_user_user_permissions`
  ADD PRIMARY KEY (`id`),
  ADD UNIQUE KEY `auth_user_user_permissions_user_id_permission_id_14a6b632_uniq` (`user_id`,`permission_id`),
  ADD KEY `auth_user_user_permi_permission_id_1fbb5f2c_fk_auth_perm` (`permission_id`);

--
-- Indexes for table `basesite_car`
--
ALTER TABLE `basesite_car`
  ADD PRIMARY KEY (`id`);

--
-- Indexes for table `basesite_customer`
--
ALTER TABLE `basesite_customer`
  ADD PRIMARY KEY (`id`);

--
-- Indexes for table `basesite_order`
--
ALTER TABLE `basesite_order`
  ADD PRIMARY KEY (`id`),
  ADD KEY `basesite_order_carID_id_0d0a14a1_fk_basesite_car_id` (`carID_id`),
  ADD KEY `basesite_order_customerID_id_f1530cfc_fk_basesite_customer_id` (`customerID_id`),
  ADD KEY `basesite_order_pickup_store_id_55f59c6a_fk_basesite_store_id` (`pickup_store_id`),
  ADD KEY `basesite_order_return_store_id_f77fadb9_fk_basesite_store_id` (`return_store_id`);

--
-- Indexes for table `basesite_store`
--
ALTER TABLE `basesite_store`
  ADD PRIMARY KEY (`id`);

--
-- Indexes for table `django_admin_log`
--
ALTER TABLE `django_admin_log`
  ADD PRIMARY KEY (`id`),
  ADD KEY `django_admin_log_content_type_id_c4bce8eb_fk_django_co` (`content_type_id`),
  ADD KEY `django_admin_log_user_id_c564eba6_fk_auth_user_id` (`user_id`);

--
-- Indexes for table `django_content_type`
--
ALTER TABLE `django_content_type`
  ADD PRIMARY KEY (`id`),
  ADD UNIQUE KEY `django_content_type_app_label_model_76bd3d3b_uniq` (`app_label`,`model`);

--
-- Indexes for table `django_migrations`
--
ALTER TABLE `django_migrations`
  ADD PRIMARY KEY (`id`);

--
-- Indexes for table `django_session`
--
ALTER TABLE `django_session`
  ADD PRIMARY KEY (`session_key`),
  ADD KEY `django_session_expire_date_a5c62663` (`expire_date`);

--
-- AUTO_INCREMENT for dumped tables
--

--
-- AUTO_INCREMENT for table `auth_group`
--
ALTER TABLE `auth_group`
  MODIFY `id` int(11) NOT NULL AUTO_INCREMENT;

--
-- AUTO_INCREMENT for table `auth_group_permissions`
--
ALTER TABLE `auth_group_permissions`
  MODIFY `id` int(11) NOT NULL AUTO_INCREMENT;

--
-- AUTO_INCREMENT for table `auth_permission`
--
ALTER TABLE `auth_permission`
  MODIFY `id` int(11) NOT NULL AUTO_INCREMENT, AUTO_INCREMENT=41;

--
-- AUTO_INCREMENT for table `auth_user`
--
ALTER TABLE `auth_user`
  MODIFY `id` int(11) NOT NULL AUTO_INCREMENT, AUTO_INCREMENT=2;

--
-- AUTO_INCREMENT for table `auth_user_groups`
--
ALTER TABLE `auth_user_groups`
  MODIFY `id` int(11) NOT NULL AUTO_INCREMENT;

--
-- AUTO_INCREMENT for table `auth_user_user_permissions`
--
ALTER TABLE `auth_user_user_permissions`
  MODIFY `id` int(11) NOT NULL AUTO_INCREMENT;

--
-- AUTO_INCREMENT for table `basesite_car`
--
ALTER TABLE `basesite_car`
  MODIFY `id` int(11) NOT NULL AUTO_INCREMENT, AUTO_INCREMENT=15401;

--
-- AUTO_INCREMENT for table `basesite_customer`
--
ALTER TABLE `basesite_customer`
  MODIFY `id` int(11) NOT NULL AUTO_INCREMENT, AUTO_INCREMENT=11560;

--
-- AUTO_INCREMENT for table `basesite_order`
--
ALTER TABLE `basesite_order`
  MODIFY `id` int(11) NOT NULL AUTO_INCREMENT, AUTO_INCREMENT=601;

--
-- AUTO_INCREMENT for table `basesite_store`
--
ALTER TABLE `basesite_store`
  MODIFY `id` int(11) NOT NULL AUTO_INCREMENT, AUTO_INCREMENT=41;

--
-- AUTO_INCREMENT for table `django_admin_log`
--
ALTER TABLE `django_admin_log`
  MODIFY `id` int(11) NOT NULL AUTO_INCREMENT;

--
-- AUTO_INCREMENT for table `django_content_type`
--
ALTER TABLE `django_content_type`
  MODIFY `id` int(11) NOT NULL AUTO_INCREMENT, AUTO_INCREMENT=11;

--
-- AUTO_INCREMENT for table `django_migrations`
--
ALTER TABLE `django_migrations`
  MODIFY `id` int(11) NOT NULL AUTO_INCREMENT, AUTO_INCREMENT=22;

--
-- Constraints for dumped tables
--

--
-- Constraints for table `auth_group_permissions`
--
ALTER TABLE `auth_group_permissions`
  ADD CONSTRAINT `auth_group_permissio_permission_id_84c5c92e_fk_auth_perm` FOREIGN KEY (`permission_id`) REFERENCES `auth_permission` (`id`),
  ADD CONSTRAINT `auth_group_permissions_group_id_b120cbf9_fk_auth_group_id` FOREIGN KEY (`group_id`) REFERENCES `auth_group` (`id`);

--
-- Constraints for table `auth_permission`
--
ALTER TABLE `auth_permission`
  ADD CONSTRAINT `auth_permission_content_type_id_2f476e4b_fk_django_co` FOREIGN KEY (`content_type_id`) REFERENCES `django_content_type` (`id`);

--
-- Constraints for table `auth_user_groups`
--
ALTER TABLE `auth_user_groups`
  ADD CONSTRAINT `auth_user_groups_group_id_97559544_fk_auth_group_id` FOREIGN KEY (`group_id`) REFERENCES `auth_group` (`id`),
  ADD CONSTRAINT `auth_user_groups_user_id_6a12ed8b_fk_auth_user_id` FOREIGN KEY (`user_id`) REFERENCES `auth_user` (`id`);

--
-- Constraints for table `auth_user_user_permissions`
--
ALTER TABLE `auth_user_user_permissions`
  ADD CONSTRAINT `auth_user_user_permi_permission_id_1fbb5f2c_fk_auth_perm` FOREIGN KEY (`permission_id`) REFERENCES `auth_permission` (`id`),
  ADD CONSTRAINT `auth_user_user_permissions_user_id_a95ead1b_fk_auth_user_id` FOREIGN KEY (`user_id`) REFERENCES `auth_user` (`id`);

--
-- Constraints for table `basesite_order`
--
ALTER TABLE `basesite_order`
  ADD CONSTRAINT `basesite_order_carID_id_0d0a14a1_fk_basesite_car_id` FOREIGN KEY (`carID_id`) REFERENCES `basesite_car` (`id`),
  ADD CONSTRAINT `basesite_order_customerID_id_f1530cfc_fk_basesite_customer_id` FOREIGN KEY (`customerID_id`) REFERENCES `basesite_customer` (`id`),
  ADD CONSTRAINT `basesite_order_pickup_store_id_55f59c6a_fk_basesite_store_id` FOREIGN KEY (`pickup_store_id`) REFERENCES `basesite_store` (`id`),
  ADD CONSTRAINT `basesite_order_return_store_id_f77fadb9_fk_basesite_store_id` FOREIGN KEY (`return_store_id`) REFERENCES `basesite_store` (`id`);

--
-- Constraints for table `django_admin_log`
--
ALTER TABLE `django_admin_log`
  ADD CONSTRAINT `django_admin_log_content_type_id_c4bce8eb_fk_django_co` FOREIGN KEY (`content_type_id`) REFERENCES `django_content_type` (`id`),
  ADD CONSTRAINT `django_admin_log_user_id_c564eba6_fk_auth_user_id` FOREIGN KEY (`user_id`) REFERENCES `auth_user` (`id`);
SET FOREIGN_KEY_CHECKS=1;
COMMIT;

/*!40101 SET CHARACTER_SET_CLIENT=@OLD_CHARACTER_SET_CLIENT */;
/*!40101 SET CHARACTER_SET_RESULTS=@OLD_CHARACTER_SET_RESULTS */;
/*!40101 SET COLLATION_CONNECTION=@OLD_COLLATION_CONNECTION */;
